latitude,longitude,name,class,mass,year,imageUrl
50.04978873,25.32186981,30676,TRUE,3,2022,https://gdb.rferl.org/D7DA9D6C-4B76-413D-B4D4-3542DAC9088E_w1597_n_r0_st_s.jpg
48.30431401,37.272353,30674,TRUE,8,2023,https://gdb.rferl.org/D7DA9D6C-4B76-413D-B4D4-3542DAC9088E_w1597_n_r0_st_s.jpg
49.40065601,36.867241,30673,TRUE,3,2023,https://gdb.rferl.org/D7DA9D6C-4B76-413D-B4D4-3542DAC9088E_w1597_n_r0_st_s.jpg
48.98375001,37.816651,30672,TRUE,1,2023,https://gdb.rferl.org/D7DA9D6C-4B76-413D-B4D4-3542DAC9088E_w1597_n_r0_st_s.jpg
49.51706933,37.7203279,30671,TRUE,3,2022,https://gdb.rferl.org/D7DA9D6C-4B76-413D-B4D4-3542DAC9088E_w1597_n_r0_st_s.jpg
49.74535514,36.96350369,30670,TRUE,1,2023,https://gdb.rferl.org/D7DA9D6C-4B76-413D-B4D4-3542DAC9088E_w1597_n_r0_st_s.jpg
49.75223895,36.92604396,30669,TRUE,5,2022,https://gdb.rferl.org/D7DA9D6C-4B76-413D-B4D4-3542DAC9088E_w1597_n_r0_st_s.jpg
51.69987311,34.13844694,30668,FALSE,3,2023,https://gdb.rferl.org/D7DA9D6C-4B76-413D-B4D4-3542DAC9088E_w1597_n_r0_st_s.jpg
48.47643661,37.6935044,30667,TRUE,10,2023,https://gdb.rferl.org/D7DA9D6C-4B76-413D-B4D4-3542DAC9088E_w1597_n_r0_st_s.jpg
48.01398921,37.3138213,30666,TRUE,4,2022,https://gdb.rferl.org/D7DA9D6C-4B76-413D-B4D4-3542DAC9088E_w1597_n_r0_st_s.jpg
49.45762301,36.905906,30665,TRUE,6,2022,https://gdb.rferl.org/D7DA9D6C-4B76-413D-B4D4-3542DAC9088E_w1597_n_r0_st_s.jpg
49.72713002,37.60912999,30664,TRUE,1,2023,https://gdb.rferl.org/D7DA9D6C-4B76-413D-B4D4-3542DAC9088E_w1597_n_r0_st_s.jpg
50.4246615,35.484,30663,FALSE,3,2022,https://gdb.rferl.org/D7DA9D6C-4B76-413D-B4D4-3542DAC9088E_w1597_n_r0_st_s.jpg
50.41027381,35.39515,30662,FALSE,6,2022,https://gdb.rferl.org/D7DA9D6C-4B76-413D-B4D4-3542DAC9088E_w1597_n_r0_st_s.jpg
49.03176001,37.14122,30659,TRUE,2,2022,https://gdb.rferl.org/D7DA9D6C-4B76-413D-B4D4-3542DAC9088E_w1597_n_r0_st_s.jpg
49.04885881,37.1138854,30658,TRUE,4,2023,https://gdb.rferl.org/D7DA9D6C-4B76-413D-B4D4-3542DAC9088E_w1597_n_r0_st_s.jpg
48.89297002,37.03810002,30657,TRUE,7,2022,
49.72752198,36.82645115,30656,TRUE,4,2023,
46.47929999,30.70901998,30655,TRUE,6,2022,
47.3729672,31.80114748,30654,TRUE,2,2022,
47.02890997,32.54144348,30653,TRUE,4,2023,
48.98022223,37.8035,30652,TRUE,3,2023,
47.99147223,37.19083333,30651,TRUE,2,2023,
49.71675202,36.93714,30650,TRUE,9,2022,
49.26609739,37.62144,30649,TRUE,3,2023,
49.30232101,37.83536,30648,TRUE,2,2023,
49.58036501,36.975304,30647,TRUE,1,2023,
49.26335867,37.8481806,30646,TRUE,3,2023,
49.52872824,37.57029323,30645,TRUE,1,2022,
51.39626471,34.15331835,30643,FALSE,10,2023,
50.23925301,36.238209,30641,TRUE,3,2023,
49.71870801,36.7941637,30639,TRUE,7,2023,
49.71881731,36.7931542,30638,TRUE,2,2022,
49.02142301,37.178364,30637,TRUE,4,2023,
48.97853801,37.809571,30636,TRUE,1,2022,
47.98613501,37.023811,30635,TRUE,3,2023,
50.910561,34.80566,30634,TRUE,8,2023,
50.00588501,36.21565498,30633,TRUE,10,2023,
48.97794445,37.82141667,30632,TRUE,4,2022,
50.12242127,36.09531214,30631,TRUE,6,2022,
51.18391244,35.08834,30630,FALSE,5,2022,
48.23211112,37.542,30629,TRUE,3,2022,https://gdb.rferl.org/D7DA9D6C-4B76-413D-B4D4-3542DAC9088E_w1597_n_r0_st_s.jpg
48.59369445,37.65777778,30628,TRUE,2,2022,https://gdb.rferl.org/D7DA9D6C-4B76-413D-B4D4-3542DAC9088E_w1597_n_r0_st_s.jpg
48.92095532,37.02552511,30625,TRUE,2,2023,https://gdb.rferl.org/D7DA9D6C-4B76-413D-B4D4-3542DAC9088E_w1597_n_r0_st_s.jpg
50.3146771,35.9303373,30623,TRUE,3,2023,https://gdb.rferl.org/D7DA9D6C-4B76-413D-B4D4-3542DAC9088E_w1597_n_r0_st_s.jpg
49.76570676,37.03770329,30622,TRUE,9,2022,https://gdb.rferl.org/D7DA9D6C-4B76-413D-B4D4-3542DAC9088E_w1597_n_r0_st_s.jpg
49.53163242,37.52489119,30621,TRUE,8,2022,https://gdb.rferl.org/D7DA9D6C-4B76-413D-B4D4-3542DAC9088E_w1597_n_r0_st_s.jpg
47.99699901,37.239279,30620,TRUE,7,2023,https://gdb.rferl.org/D7DA9D6C-4B76-413D-B4D4-3542DAC9088E_w1597_n_r0_st_s.jpg
49.46340457,35.97709216,30619,TRUE,3,2023,https://gdb.rferl.org/D7DA9D6C-4B76-413D-B4D4-3542DAC9088E_w1597_n_r0_st_s.jpg
49.46483801,36.623174,30618,TRUE,6,2023,https://gdb.rferl.org/D7DA9D6C-4B76-413D-B4D4-3542DAC9088E_w1597_n_r0_st_s.jpg
49.33227804,36.87305218,30617,TRUE,5,2023,https://gdb.rferl.org/D7DA9D6C-4B76-413D-B4D4-3542DAC9088E_w1597_n_r0_st_s.jpg
49.70190403,37.64711099,30616,TRUE,10,2023,
50.20641283,30.66898,30613,TRUE,5,2022,
50.46039558,30.17129477,30612,TRUE,4,2023,
49.38474501,36.914995,30611,TRUE,7,2023,
50.20641283,30.66898,30609,TRUE,8,2022,https://gdb.rferl.org/D7DA9D6C-4B76-413D-B4D4-3542DAC9088E_w1597_n_r0_st_s.jpg
51.18391244,35.08834,30608,TRUE,9,2023,https://gdb.rferl.org/D7DA9D6C-4B76-413D-B4D4-3542DAC9088E_w1597_n_r0_st_s.jpg
48.93830741,36.23060305,30606,TRUE,8,2022,https://gdb.rferl.org/D7DA9D6C-4B76-413D-B4D4-3542DAC9088E_w1597_n_r0_st_s.jpg
50.19120528,36.8522105,30604,TRUE,3,2023,https://gdb.rferl.org/D7DA9D6C-4B76-413D-B4D4-3542DAC9088E_w1597_n_r0_st_s.jpg
49.4847574,37.52836123,30603,TRUE,4,2023,https://gdb.rferl.org/D7DA9D6C-4B76-413D-B4D4-3542DAC9088E_w1597_n_r0_st_s.jpg
49.31568789,37.85281945,30602,TRUE,9,2022,https://gdb.rferl.org/D7DA9D6C-4B76-413D-B4D4-3542DAC9088E_w1597_n_r0_st_s.jpg
49.09168364,37.48331,30600,TRUE,10,2023,https://gdb.rferl.org/D7DA9D6C-4B76-413D-B4D4-3542DAC9088E_w1597_n_r0_st_s.jpg
50.09026314,36.39743114,30599,TRUE,3,2022,https://gdb.rferl.org/D7DA9D6C-4B76-413D-B4D4-3542DAC9088E_w1597_n_r0_st_s.jpg
49.57544875,37.42312208,30598,TRUE,3,2022,https://gdb.rferl.org/D7DA9D6C-4B76-413D-B4D4-3542DAC9088E_w1597_n_r0_st_s.jpg
50.46098609,29.81188,30593,TRUE,2,2023,https://gdb.rferl.org/D7DA9D6C-4B76-413D-B4D4-3542DAC9088E_w1597_n_r0_st_s.jpg
48.02887901,36.956955,30591,TRUE,1,2023,
47.88847291,37.3058397,30590,TRUE,3,2023,
49.78199149,34.60659,30589,TRUE,3,2023,
50.50017262,30.75284926,30587,TRUE,5,2023,
50.54461559,30.24236511,30584,TRUE,1,2022,
49.39824161,36.928081,30581,TRUE,9,2023,
49.57446201,36.972661,30580,TRUE,6,2022,
49.22399738,37.27463348,30579,TRUE,1,2022,
49.99965176,36.54119,30577,TRUE,2,2023,
50.63164557,30.87281508,30576,TRUE,9,2022,
49.77094549,37.0407932,30574,TRUE,8,2023,
49.84478233,35.6954,30573,TRUE,9,2023,
49.46646102,37.62047,30571,TRUE,6,2022,
50.25626105,36.08935,30570,TRUE,9,2022,
49.78508103,34.53854,30565,TRUE,2,2023,
50.21016122,36.42085927,30564,TRUE,1,2023,
49.93036002,36.42770996,30561,TRUE,7,2022,
49.22205122,37.82257,30560,TRUE,8,2022,
50.26341151,36.17738,30559,TRUE,7,2023,
49.39815724,36.87150833,30557,TRUE,10,2022,
49.38375201,37.0558803,30556,TRUE,10,2023,
49.27379123,36.53507,30554,TRUE,3,2023,
49.76682202,37.56943,30553,TRUE,5,2022,
49.39714261,36.86602,30550,TRUE,1,2023,
49.24236328,36.93117,30549,TRUE,10,2023,
48.38262201,37.896639,30543,TRUE,9,2023,
49.37758318,37.62599,30542,TRUE,2,2023,
49.19169839,37.27944,30541,TRUE,10,2022,
49.09168364,37.48331,30540,TRUE,8,2023,
48.50533334,37.67563889,30538,TRUE,1,2022,
49.5915373,36.7868756,30536,TRUE,4,2023,
49.39815724,36.87150833,30534,TRUE,7,2022,
50.10869855,36.26275283,30533,TRUE,5,2022,
49.31049158,37.85587353,30531,TRUE,7,2022,
49.29918674,37.8406815,30530,TRUE,10,2022,
49.26337251,37.81950761,30529,TRUE,6,2023,
50.20501801,36.278967,30528,TRUE,1,2023,
49.56497145,37.70435038,30527,TRUE,6,2023,
50.94618388,31.98432,30526,TRUE,7,2022,
50.88323391,32.00614,30523,TRUE,4,2023,
49.71782221,36.98094598,30522,TRUE,6,2023,
50.63306106,30.87539,30521,TRUE,2,2023,
49.45644293,36.84522867,30520,TRUE,10,2022,
48.72175501,37.529206,30517,TRUE,8,2023,
49.52278549,37.57601527,30514,TRUE,4,2022,
50.584981,30.235748,30512,TRUE,4,2023,
48.34410341,30.24797626,30511,TRUE,8,2023,
48.36539877,30.50641533,30510,TRUE,9,2023,
47.853748,35.157139,30508,TRUE,4,2022,
49.72536103,36.93006,30507,TRUE,4,2022,
49.37113102,36.58019,30505,TRUE,8,2023,
49.86676863,37.09354311,30504,TRUE,8,2023,
49.22873003,37.24660002,30503,TRUE,5,2023,
49.71392168,36.93314887,30502,TRUE,5,2023,
46.304061,33.783147,30500,FALSE,6,2023,
49.38648701,32.038232,30499,TRUE,5,2022,
49.35249245,36.79730417,30496,TRUE,10,2022,
49.47937301,36.597594,30495,TRUE,9,2022,
49.36665941,36.9828863,30494,TRUE,2,2022,
47.66449363,35.63864916,30492,TRUE,4,2023,
49.37172284,37.06563147,30491,TRUE,2,2023,
49.3798893,37.62724526,30490,TRUE,8,2023,
50.15811291,36.15340165,30489,TRUE,7,2022,
49.72790529,36.90873004,30484,TRUE,9,2022,
50.04773243,36.6769346,30483,TRUE,2,2022,
49.75314784,37.64072815,30482,TRUE,1,2023,
50.16058112,36.82415763,30481,FALSE,9,2023,
49.17408001,37.43647,30480,TRUE,7,2022,
48.90006576,33.45002,30476,FALSE,4,2022,
49.37216141,36.9435262,30475,TRUE,5,2022,
50.30741111,36.15621742,30474,TRUE,8,2022,
48.3036,32.16,30473,FALSE,6,2023,
49.76529096,36.99907948,30472,TRUE,7,2022,
50.18822485,36.24801657,30470,TRUE,10,2023,
49.34038101,37.85951483,30467,TRUE,10,2022,
49.76662799,37.57479442,30465,TRUE,2,2023,
50.910561,34.80566,30463,FALSE,9,2022,
49.21602001,37.25574996,30461,TRUE,6,2023,
49.70527008,36.90174557,30460,TRUE,6,2022,
49.73325951,36.84892335,30459,TRUE,7,2022,
49.72907086,36.85990968,30458,TRUE,1,2023,
49.88029007,36.92876632,30457,TRUE,5,2022,
50.89132107,29.7124,30456,TRUE,10,2023,
50.31126432,35.82658568,30453,TRUE,7,2023,
49.6863717,37.66672531,30452,TRUE,9,2023,
49.70093072,37.66558085,30451,TRUE,4,2023,
49.21798465,37.78544057,30450,TRUE,8,2023,
49.39425644,36.8727434,30448,TRUE,7,2023,
49.13870001,37.225152,30445,TRUE,9,2023,
48.89424,37.01318003,30441,TRUE,4,2023,
50.60060208,30.75764,30440,TRUE,2,2023,
50.34998004,30.18858,30437,TRUE,4,2023,
50.910561,34.80566,30435,FALSE,1,2022,
50.910561,34.80566,30434,FALSE,6,2023,
49.42421801,37.052025,30433,TRUE,9,2023,
49.12428901,37.707647,30432,TRUE,7,2023,
49.81758002,36.05526998,30431,TRUE,6,2023,
50.23641142,36.21130909,30430,TRUE,1,2022,
50.23443501,36.23671497,30429,TRUE,2,2022,
49.17767153,36.85838782,30428,TRUE,7,2022,
50.2308927,35.95050094,30427,TRUE,7,2022,
49.38626671,36.8910864,30426,TRUE,5,2022,
49.13125001,37.23175,30423,TRUE,8,2022,
47.84776002,35.19049499,30422,FALSE,1,2023,
49.38585121,36.889758,30420,TRUE,6,2023,
49.5329548,37.72847646,30419,TRUE,4,2023,
50.35164326,30.95076,30418,TRUE,10,2023,
50.910561,34.80566,30416,FALSE,4,2023,
47.65422311,35.65873,30415,TRUE,10,2023,
49.17918601,37.394856,30412,TRUE,5,2022,
49.83626175,36.72362,30411,TRUE,7,2022,
49.33865123,37.66478,30410,TRUE,1,2023,
50.43034178,30.28385,30409,TRUE,8,2023,
50.21393943,36.15715,30408,TRUE,10,2022,
49.65672401,36.730098,30406,TRUE,4,2022,
49.66238901,36.735721,30405,TRUE,2,2023,
50.25186656,35.85556,30404,TRUE,5,2023,
49.14186001,37.24351,30403,TRUE,9,2022,
49.62075752,37.70796989,30401,TRUE,2,2023,
50.29689002,36.93789,30397,TRUE,1,2022,
50.0480637,36.27625903,30396,TRUE,7,2023,
49.85951125,36.83577946,30392,TRUE,1,2022,
48.37802779,37.90875,30391,TRUE,3,2023,
50.34878178,30.4544,30388,TRUE,5,2022,
49.40351001,37.081994,30386,TRUE,5,2022,
50.584981,30.235748,30382,TRUE,7,2023,
50.584981,30.235748,30381,TRUE,5,2022,
50.08476161,36.3804367,30380,TRUE,5,2022,
49.13351861,37.3898827,30378,TRUE,7,2022,
51.36551593,33.89963125,30373,FALSE,1,2023,
49.40981301,37.070023,30372,TRUE,8,2023,
49.26774123,37.80968,30371,TRUE,10,2023,
49.27192193,37.61217029,30370,TRUE,2,2023,
49.29046301,36.798881,30369,TRUE,4,2023,
49.47689001,36.89333,30368,TRUE,6,2023,
49.38891301,36.874842,30367,TRUE,1,2022,
49.38316401,36.895366,30366,TRUE,6,2022,
49.05467501,37.114632,30364,TRUE,5,2023,
50.11090034,36.27536994,30362,TRUE,9,2022,
49.82657203,37.61248,30361,TRUE,3,2023,
49.62291912,36.74441244,30360,TRUE,4,2023,
49.62157721,36.746234,30359,TRUE,8,2023,
49.15070619,37.07738381,30358,TRUE,3,2023,
49.76695413,37.03633,30357,TRUE,1,2022,
47.97297117,35.85203,30356,TRUE,8,2022,
49.39177618,27.12446505,30355,FALSE,1,2022,
49.97349204,36.49574,30354,TRUE,7,2023,
49.73126232,36.84961,30353,TRUE,3,2023,
49.77668546,36.81364,30352,TRUE,7,2022,
51.503653,31.293167,30351,TRUE,3,2022,
49.08666321,37.3509608,30348,TRUE,9,2022,
50.04302456,36.29124688,30347,TRUE,1,2023,
50.46061207,31.4408,30346,TRUE,4,2022,
49.75054174,37.05624272,30345,TRUE,5,2023,
49.4333333,32.0666667,30344,TRUE,8,2023,
51.38867214,31.20363,30343,TRUE,7,2023,
49.32444032,37.52424696,30342,TRUE,2,2022,
49.34428481,37.7702949,30341,TRUE,10,2023,
49.41076303,37.72876254,30340,TRUE,2,2022,
49.05435901,37.106641,30339,TRUE,6,2022,
49.49767801,36.84407,30338,TRUE,10,2022,
50.0347643,36.28392109,30337,TRUE,9,2023,
51.69693319,34.13962,30334,FALSE,5,2022,
50.17603764,36.27657451,30333,TRUE,4,2022,
50.51092343,29.80774,30331,TRUE,5,2023,
49.69508261,36.8043886,30330,TRUE,4,2023,
49.69849681,36.8098764,30329,TRUE,3,2023,
50.46098609,29.81188,30328,TRUE,10,2023,
49.15955001,37.04295,30325,TRUE,6,2022,
50.02411062,36.33831502,30324,TRUE,7,2023,
49.68089392,36.86610493,30323,TRUE,7,2022,
49.71366055,36.85240075,30322,TRUE,2,2023,
49.7565649,37.58316291,30320,TRUE,3,2022,
49.76615676,37.57015956,30319,TRUE,7,2022,
50.55200299,30.21474,30318,TRUE,3,2023,
50.07005861,36.3722456,30316,TRUE,8,2023,
49.38891301,36.874842,30315,TRUE,2,2022,
49.01883334,37.75886111,30314,TRUE,5,2023,
50.93214457,29.91233987,30312,TRUE,9,2023,
50.75813315,31.01438684,30310,TRUE,9,2022,
49.03080601,37.140188,30309,TRUE,3,2022,
48.99189879,37.07975342,30308,TRUE,1,2023,
49.57230001,37.68772999,30304,TRUE,5,2022,
49.71488951,36.9063401,30303,TRUE,2,2023,
50.2425602,36.94467992,30302,TRUE,10,2022,
49.16233741,36.89194762,30301,TRUE,9,2023,
49.19911001,37.20878,30300,TRUE,4,2022,
49.20827301,37.208135,30299,TRUE,9,2023,
50.22833462,30.23295,30295,TRUE,6,2023,
50.01959858,36.13506202,30294,TRUE,10,2022,
51.503653,31.293167,30293,TRUE,3,2023,
51.79664187,34.3193,30292,FALSE,3,2023,
49.65973478,37.71469709,30290,TRUE,4,2022,
49.03920201,37.126899,30287,TRUE,8,2023,
49.65371101,36.743352,30281,TRUE,9,2023,
49.66189301,36.753169,30280,TRUE,2,2023,
48.3829595,31.18224366,30279,TRUE,6,2022,
49.34287658,37.66478,30277,TRUE,1,2022,
48.3829595,31.18224366,30276,TRUE,6,2023,
47.853748,35.157139,30275,TRUE,4,2023,
50.25626105,36.08935,30274,TRUE,6,2023,
49.74712298,36.95999,30271,TRUE,7,2022,
48.3829595,31.18224366,30269,TRUE,4,2023,
49.74712298,36.95999,30267,TRUE,7,2023,
49.39642301,37.205646,30265,TRUE,2,2022,
50.55942468,30.82308821,30264,TRUE,5,2022,
48.3829595,31.18224366,30263,TRUE,3,2023,
50.56789272,30.10125,30262,TRUE,5,2023,
49.71532001,36.83095,30261,TRUE,4,2022,
49.19059401,36.8861612,30260,TRUE,2,2022,
49.63345593,37.68814674,30259,TRUE,4,2022,
49.74712298,36.95999,30258,TRUE,3,2022,
49.74712298,36.95999,30256,TRUE,2,2023,
50.25123236,36.94895,30253,TRUE,5,2023,
50.584981,30.235748,30252,TRUE,7,2023,
50.10674301,30.6256,30249,TRUE,9,2023,
50.10674301,30.6256,30248,TRUE,7,2023,
50.584981,30.235748,30247,TRUE,2,2023,
51.45525355,31.19389,30246,TRUE,7,2023,
50.91443242,29.94979,30245,TRUE,1,2023,
50.083301,36.24572929,30243,TRUE,2,2022,
48.13373101,37.073686,30242,TRUE,9,2023,
49.72745556,36.92830047,30239,TRUE,1,2022,
49.26741357,37.6029864,30238,TRUE,4,2022,
49.34258867,37.56745347,30237,TRUE,10,2022,
50.8572013,30.59707,30234,TRUE,9,2023,
49.64004166,36.79559873,30233,TRUE,8,2023,
49.17502873,37.43499894,30232,TRUE,7,2022,
50.67381209,30.06728,30231,TRUE,6,2023,
50.46098609,29.81188,30229,TRUE,10,2023,
50.70433441,30.29361782,30228,TRUE,2,2022,
49.78819361,36.10049215,30227,TRUE,7,2022,
49.80613765,36.73200666,30225,TRUE,9,2023,
49.47030355,36.78756359,30224,TRUE,5,2022,
50.77265274,30.66303,30221,TRUE,2,2022,
49.24009146,37.72028,30220,TRUE,3,2023,
49.23212096,37.74202377,30219,TRUE,10,2023,
49.13225803,37.24162161,30218,TRUE,10,2022,
51.1601918,31.86507,30215,TRUE,8,2022,
50.07586058,36.87159313,30213,TRUE,3,2023,
50.1160911,36.11977658,30204,TRUE,5,2023,
50.51871679,30.2395,30201,TRUE,3,2023,
50.48436382,29.64025,30200,TRUE,6,2023,
49.20381298,37.27875335,30199,TRUE,9,2023,
50.40552342,29.89151,30194,TRUE,8,2023,
50.48436382,29.64025,30190,TRUE,2,2022,
50.26253601,36.175787,30185,TRUE,7,2022,
49.13338122,37.23342,30183,TRUE,1,2023,
51.60107753,31.23062157,30182,TRUE,6,2023,
49.30421228,37.64582,30181,TRUE,3,2022,
49.4166667,27,30179,FALSE,1,2023,
50.584981,30.235748,30178,TRUE,2,2022,
49.62818708,36.39662219,30177,TRUE,6,2023,
49.21402,37.28790001,30176,TRUE,6,2023,
49.55326991,36.62697684,30175,TRUE,5,2023,
49.8106551,36.34793764,30167,TRUE,2,2023,
49.40102779,32.11580556,30166,TRUE,1,2023,
51.46124329,31.30539633,30164,TRUE,7,2023,
48.40292901,37.909401,30163,TRUE,6,2022,
49.1476998,37.2554731,30161,TRUE,2,2022,
50.59135849,30.20734375,30158,TRUE,4,2022,
50.48436382,29.64025,30149,TRUE,3,2023,
49.54888869,37.43037,30144,TRUE,2,2022,
49.21628001,37.26084004,30140,TRUE,10,2022,
50.52232718,30.79464937,30135,TRUE,10,2023,
50.69697959,29.5869,30134,TRUE,2,2022,
50.67759243,30.30553511,30132,TRUE,10,2023,
49.35151656,37.75473094,30113,TRUE,8,2023,
51.34567088,32.87794,30112,TRUE,2,2023,
51.503653,31.293167,30109,TRUE,9,2022,
50.48807736,29.63784674,30101,TRUE,10,2022,
49.37758318,37.62599,30100,TRUE,2,2023,
48.9166667,24.7166667,30095,TRUE,1,2023,
50.28053003,36.93677001,30094,TRUE,5,2022,
50.47997617,30.21987927,30090,TRUE,7,2022,
50.80809965,29.5480124,30089,TRUE,6,2023,
49.62478748,36.34343,30082,TRUE,3,2023,
48.28138901,37.190706,30081,TRUE,2,2022,
50.20978358,36.42087,30079,TRUE,6,2023,
50.03692026,36.2685,30069,TRUE,8,2022,
50.9229301,30.35093499,30068,TRUE,6,2023,
48.779501,29.8546,30062,TRUE,4,2022,
48.88837221,31.52929103,30061,TRUE,8,2022,
50.18218401,30.31202,30050,TRUE,6,2023,
50.59192376,30.90444,30049,FALSE,10,2022,
50.89132107,29.7124,30048,TRUE,10,2022,
50.584981,30.235748,30020,FALSE,1,2022,
46.4666667,30.7333333,30019,TRUE,6,2022,
51.54514158,33.82055,30018,TRUE,10,2022,
50.584981,30.235748,30017,FALSE,9,2023,
50.584981,30.235748,30016,FALSE,4,2022,
50.60119208,30.31927,30015,FALSE,4,2023,
46.4666667,30.7333333,30014,TRUE,2,2022,
50.584981,30.235748,30013,TRUE,5,2023,
50.13473506,30.73936,30003,TRUE,8,2023,
51.503653,31.293167,29997,TRUE,1,2022,
50.6010158,30.70317185,29994,TRUE,3,2023,
50.49907728,30.17364918,29993,TRUE,9,2022,
49.71619001,36.8195,29991,TRUE,8,2022,
48.38149091,37.9071745,29987,TRUE,8,2022,
50.93503348,32.13391,29982,TRUE,7,2022,
50.584981,30.235748,29981,FALSE,8,2022,
50.05518965,35.8978999,29973,TRUE,3,2022,
48.95167001,37.836418,29964,TRUE,6,2022,
49.52867464,26.7365446,29963,FALSE,4,2023,
51.503653,31.293167,29953,TRUE,10,2022,
50.4981883,31.25028,29952,TRUE,3,2022,
50.57688003,30.26499,29950,TRUE,4,2022,
50.46536002,29.80504999,29949,TRUE,8,2023,
50.47819382,29.96191,29948,TRUE,7,2023,
50.69015345,29.99471,29943,TRUE,7,2023,
50.46098609,29.81188,29937,TRUE,9,2023,
51.61622216,34.0305,29926,TRUE,1,2022,
51.57008198,34.12458,29923,TRUE,2,2022,
50.5610196,30.32702016,29922,TRUE,9,2023,
50.62755469,29.87616,29920,TRUE,3,2023,
50.28719066,36.92121987,29916,TRUE,8,2023,
51.503653,31.293167,29913,TRUE,9,2023,
50.6310318,30.87373,29911,TRUE,7,2022,
51.503653,31.293167,29909,TRUE,3,2022,
49.40497223,31.89566667,29908,TRUE,6,2023,
51.503653,31.293167,29905,TRUE,6,2022,
50.4217073,30.24289062,29903,TRUE,10,2023,
50.81714428,29.5903,29901,TRUE,4,2022,
50.9467213,30.43659,29897,TRUE,2,2022,
49.23777286,26.70331333,29894,TRUE,6,2023,
50.33831127,29.72029,29892,TRUE,7,2023,
49.87343175,30.08462,29891,TRUE,8,2022,
50.85274274,30.39791,29890,TRUE,6,2022,
50.55731179,30.33217,29889,TRUE,3,2022,
45.44340128,29.26467,29885,TRUE,8,2023,
49.63123226,37.67029396,29882,TRUE,1,2023,
46.61301267,30.77231,29881,TRUE,4,2023,
50.10790588,36.35894086,29877,TRUE,2,2022,
49.36467277,37.60985383,29875,TRUE,8,2023,
50.28541859,36.92506079,29874,TRUE,10,2023,
49.74304103,36.54548,29866,TRUE,7,2023,
51.503653,31.293167,29862,TRUE,8,2022,
50.584981,30.235748,29861,FALSE,8,2023,
50.29399767,36.93624,29853,TRUE,4,2022,
50.584981,30.235748,29850,FALSE,5,2022,
50.72929565,30.02444,29847,TRUE,5,2023,
50.48436382,29.64025,29832,TRUE,5,2022,
50.51092343,29.80774,29831,TRUE,1,2022,
50.45571238,29.86967,29825,TRUE,6,2023,
49.19947801,26.857474,29823,FALSE,3,2022,
50.54040354,30.2632586,29821,TRUE,1,2022,
50.51950002,30.25424,29820,TRUE,3,2023,
48.24800001,37.59547222,29819,TRUE,9,2022,
50.55200299,30.21474,29814,TRUE,6,2022,
50.57693468,30.11446,29809,TRUE,2,2023,
51.503653,31.293167,29798,TRUE,1,2023,
50.48436382,29.64025,29793,TRUE,2,2022,
49.33944001,36.81792,29792,TRUE,3,2023,
50.07469607,29.91569,29791,TRUE,10,2022,
50.15973734,37.39683995,29788,TRUE,5,2023,
49.39157319,32.07947696,29786,TRUE,8,2022,
50.45571238,29.86967,29782,TRUE,9,2023,
50.10144651,36.77131671,29769,TRUE,2,2023,
51.503653,31.293167,29766,TRUE,4,2022,
49.6701389,32.03555556,29765,TRUE,2,2023,
50.07469607,29.91569,29764,TRUE,5,2022,
50.29658178,31.36553,29763,TRUE,3,2022,
51.503653,31.293167,29755,TRUE,1,2022,
49.4166667,27,29750,FALSE,5,2023,
50.56433179,30.81914,29749,TRUE,3,2023,
50.20487708,37.11423,29741,TRUE,9,2022,
49.65434119,30.46635,29739,TRUE,4,2022,
50.56841561,30.2651,29738,TRUE,4,2023,
50.45782271,30.16955,29737,TRUE,5,2022,
50.9169713,30.34938,29736,TRUE,3,2023,
50.40873178,30.25897,29735,TRUE,6,2022,
50.8481367,30.05811,29734,TRUE,10,2023,
48.15009313,24.75832876,29730,TRUE,5,2022,
51.30755279,32.77063,29722,TRUE,2,2023,
48.0929972,24.59652948,29721,TRUE,4,2023,
49.4166667,27,29714,FALSE,3,2022,
48.37711931,37.9055716,29713,TRUE,10,2023,
49.4333333,32.0666667,29712,TRUE,3,2022,
50.44360263,30.15134667,29711,FALSE,5,2022,
51.61361159,31.19989,29710,TRUE,4,2023,
49.51536388,36.75528102,29709,TRUE,5,2023,
50.15161418,29.76913,29707,TRUE,9,2022,
50.584981,30.235748,29700,TRUE,7,2022,
50.584981,30.235748,29697,TRUE,7,2022,
50.40848965,35.84032658,29696,TRUE,9,2023,
50.56841561,30.2651,29692,TRUE,7,2022,
50.67324107,30.30914,29687,TRUE,1,2023,
50.48660306,29.71549,29686,TRUE,5,2022,
48.3036,32.16,29685,FALSE,10,2022,
49.35388355,37.64590272,29683,TRUE,5,2023,
50.33269,36.19571003,29677,TRUE,7,2023,
46.20105004,29.65399,29672,TRUE,7,2022,
50.13981151,31.40427,29664,TRUE,4,2022,
47.003527,33.745283,29663,FALSE,3,2023,
50.56081344,29.65111,29662,TRUE,7,2023,
49.56016984,30.50601,29656,TRUE,10,2022,
50.07469607,29.91569,29655,TRUE,8,2023,
49.40758334,32.08633333,29654,TRUE,5,2023,
49.57875961,36.7950432,29652,TRUE,3,2022,
50.5624262,30.2435835,29644,TRUE,10,2022,
50.84785509,29.73925313,29643,TRUE,9,2022,
51.59409382,31.40418254,29640,TRUE,3,2022,
51.50870553,31.35140158,29632,FALSE,7,2023,
49.87141229,36.93917329,29630,TRUE,10,2023,
50.84937244,29.73084172,29623,TRUE,2,2023,
51.57856945,31.43323016,29618,TRUE,10,2022,
49.412417,37.046087,29617,FALSE,1,2022,
50.584981,30.235748,29611,TRUE,6,2023,
49.84482059,36.691,29607,TRUE,4,2022,
50.584981,30.235748,29605,TRUE,9,2022,
51.503653,31.293167,29603,TRUE,7,2023,
50.56433179,30.81914,29599,TRUE,6,2022,
46.4666667,30.7333333,29595,TRUE,1,2023,
50.910561,34.80566,29576,TRUE,7,2023,
50.89888107,32.05409,29571,TRUE,3,2022,
50.88323391,32.00614,29568,TRUE,6,2022,
51.503653,31.293167,29562,TRUE,10,2023,
50.27904178,30.29148,29560,TRUE,6,2023,
49.92195906,36.9110971,29559,TRUE,10,2022,
48.98532177,37.12979416,29558,TRUE,4,2022,
50.78398723,30.31239,29556,FALSE,8,2022,
50.51447179,30.06159,29554,TRUE,2,2023,
50.51293306,30.05892,29543,TRUE,7,2022,
48.406641,37.92850801,29528,TRUE,2,2022,
50.584981,30.235748,29516,TRUE,1,2023,
50.584981,30.235748,29515,TRUE,2,2022,
49.86388842,36.92235048,29497,TRUE,10,2022,
50.584981,30.235748,29488,TRUE,7,2023,
50.584981,30.235748,29486,TRUE,5,2023,
46.4758889,30.73133333,29478,TRUE,5,2023,
45.41290074,28.4517,29477,FALSE,8,2022,
49.84061101,32.338361,29475,TRUE,8,2022,
50.41489128,29.9678,29472,TRUE,3,2023,
48.9166667,24.7166667,29471,TRUE,4,2023,
50.584981,30.235748,29465,TRUE,3,2023,
50.58883021,30.89873711,29464,TRUE,3,2022,
50.54162155,30.1594,29462,TRUE,1,2023,
50.62237834,30.44451,29460,FALSE,2,2023,
49.47743586,36.94425779,29459,TRUE,7,2022,
49.89809715,37.0003038,29451,TRUE,4,2023,
50.6034518,30.31637,29444,TRUE,6,2023,
49.67672223,32.05125,29425,TRUE,5,2023,
50.84450154,29.54314,29410,TRUE,6,2023,
50.44537179,30.17091,29408,TRUE,5,2022,
49.27589062,24.61525556,29407,TRUE,10,2023,
50.46930002,29.80773002,29396,TRUE,3,2022,
50.51092343,29.80774,29384,TRUE,3,2023,
50.40552342,29.89151,29382,TRUE,6,2022,
50.31900178,30.38084,29381,TRUE,4,2023,
50.59736562,30.70918,29375,TRUE,7,2022,
45.9912413,29.69234,29371,TRUE,4,2023,
49.98029501,30.56395501,29370,TRUE,10,2023,
50.30002003,36.95850002,29363,TRUE,6,2023,
50.45305004,30.22663,29353,FALSE,9,2022,
49.15166145,37.0789,29352,TRUE,4,2023,
50.62237834,30.44451,29347,TRUE,10,2022,
50.08389939,36.38675,29344,TRUE,5,2023,
48.37425001,37.89452778,29341,TRUE,3,2023,
51.36373834,31.43303658,29335,TRUE,5,2022,
49.1864955,37.23225458,29330,TRUE,6,2023,
49.47438268,37.30266377,29309,TRUE,5,2022,
50.99323621,29.76839,29306,TRUE,7,2022,
49.48347263,37.3136501,29305,TRUE,5,2023,
51.503653,31.293167,29304,TRUE,3,2023,
49.69545498,30.17511,29302,TRUE,6,2023,
51.503653,31.293167,29299,TRUE,8,2022,
50.27226303,30.3558,29298,TRUE,7,2023,
51.503653,31.293167,29295,TRUE,9,2023,
50.48817238,30.3356,29293,TRUE,10,2023,
50.6034518,30.31637,29275,TRUE,7,2022,
50.8572013,30.59707,29269,FALSE,6,2023,
50.92471168,32.38327269,29268,TRUE,6,2022,
50.67381209,30.06728,29267,TRUE,9,2023,
45.98633033,29.33813,29264,TRUE,1,2022,
50.83188946,30.56985623,29259,FALSE,5,2023,
46.4666667,30.7333333,29245,TRUE,5,2022,
50.584981,30.235748,29240,TRUE,3,2022,
50.21238596,35.95925567,29218,TRUE,8,2023,
50.43424466,30.33065,29212,TRUE,2,2023,
51.503653,31.293167,29195,TRUE,10,2022,
50.62770027,30.87129,29193,TRUE,3,2023,
50.89651107,29.50009,29192,TRUE,10,2023,
50.40552342,29.89151,29172,TRUE,2,2022,
48.81422223,29.96905556,29169,TRUE,3,2022,
50.45571238,29.86967,29165,TRUE,10,2022,
51.40802608,31.29497385,29164,TRUE,3,2023,
51.05059276,29.78076,29163,TRUE,7,2023,
51.00535441,29.5247284,29162,TRUE,5,2023,
51.33028011,31.20873508,29157,TRUE,5,2022,
50.89651107,29.50009,29150,TRUE,5,2022,
50.31816606,31.06032,29149,TRUE,9,2023,
45.32367286,28.4499,29135,TRUE,7,2023,
46.57975001,30.55886111,29129,TRUE,5,2022,
50.17997592,27.06513,29126,FALSE,6,2022,
50.01825001,31.94986111,29125,TRUE,4,2022,
50.08389939,36.38675,29119,TRUE,10,2023,
49.01507215,24.58506251,29114,TRUE,7,2023,
48.32690701,37.875729,29106,TRUE,3,2023,
50.62554834,30.91261,29105,TRUE,6,2022,
50.31120509,31.46712,29100,TRUE,10,2022,
50.88323391,32.00614,29099,TRUE,8,2022,
50.32150151,31.31768,29098,TRUE,9,2023,
51.38896241,31.28904713,29093,TRUE,9,2022,
50.41738026,29.79073,29092,TRUE,1,2023,
46.49769999,30.72352998,29091,TRUE,3,2022,
50.60119208,30.31927,29080,TRUE,3,2022,
49.51686022,31.80832812,29074,TRUE,3,2023,
49.30611112,31.40627778,29073,TRUE,10,2023,
49.54321941,36.75374495,29068,TRUE,4,2023,
49.90315502,36.01231001,29067,TRUE,10,2022,
49.60382683,36.80669959,29062,TRUE,2,2022,
50.29938526,36.95798715,29053,TRUE,6,2023,
48.98057736,37.08198502,29049,TRUE,7,2022,
48.3036,32.16,29033,TRUE,5,2022,
51.503653,31.293167,29030,TRUE,1,2022,
50.93841904,29.90822,29028,TRUE,2,2022,
50.35607026,30.02988,29027,FALSE,4,2023,
51.503653,31.293167,29024,TRUE,4,2022,
51.503653,31.293167,29023,TRUE,10,2022,
50.46098609,29.81188,29019,TRUE,5,2022,
49.09691668,31.28802778,29017,TRUE,10,2022,
49.33732329,37.6064,28994,TRUE,1,2022,
50.50590619,30.77631,28991,TRUE,3,2023,
50.49187423,31.37822,28990,TRUE,6,2023,
50.50224144,30.77405,28989,TRUE,8,2022,
49.58908916,36.79511534,28977,TRUE,2,2023,
50.46098609,29.81188,28968,TRUE,7,2023,
51.19664574,29.61632,28966,TRUE,10,2023,
50.27432463,30.32581,28951,TRUE,1,2022,
50.30272001,36.94353002,28949,TRUE,8,2022,
49.77594445,32.50716667,28947,TRUE,10,2022,
50.51092343,29.80774,28944,TRUE,5,2022,
50.46098609,29.81188,28942,TRUE,1,2022,
50.40552342,29.89151,28941,TRUE,6,2023,
50.584981,30.235748,28931,TRUE,8,2023,
50.584981,30.235748,28920,TRUE,2,2022,
48.18263219,30.86175,28917,TRUE,6,2022,
50.08576002,36.24016002,28914,TRUE,8,2023,
50.18218401,30.31202,28910,TRUE,1,2023,
51.1307901,30.08975,28909,TRUE,9,2023,
48.23523939,30.87768,28908,TRUE,10,2023,
48.34052519,30.60785,28905,TRUE,4,2022,
49.44156862,32.08176787,28902,TRUE,9,2023,
51.503653,31.293167,28893,TRUE,9,2023,
50.56759955,31.51055,28890,TRUE,6,2023,
50.97657276,30.81281,28886,TRUE,5,2023,
51.47154247,31.20998,28877,TRUE,3,2022,
49.7472339,36.93252418,28874,TRUE,2,2023,
50.55200299,30.21474,28871,TRUE,1,2022,
50.89132107,29.7124,28869,TRUE,8,2022,
46.38717405,30.71387659,28848,TRUE,3,2022,
50.54626908,29.80056,28813,TRUE,4,2022,
49.51708334,31.90511111,28809,TRUE,5,2023,
50.41580207,29.59757,28798,TRUE,8,2022,
50.34066999,29.715615,28797,TRUE,7,2022,
48.3036,32.16,28790,TRUE,7,2023,
50.08576002,36.24016002,28786,TRUE,4,2023,
51.503653,31.293167,28779,TRUE,6,2022,
50.40456511,30.20311,28769,TRUE,7,2023,
50.68449345,30.39401,28760,TRUE,2,2022,
50.55490179,30.94669,28754,TRUE,9,2022,
49.92480149,31.11643,28752,TRUE,2,2022,
50.2996177,36.96825485,28749,TRUE,4,2022,
50.48856,30.25484999,28739,TRUE,2,2023,
52.33775087,33.29218,28737,TRUE,9,2023,
50.88724889,29.98735169,28732,TRUE,3,2023,
50.5985621,31.09723674,28731,TRUE,4,2023,
50.59556,30.21250998,28730,TRUE,1,2023,
50.55252524,29.72067872,28729,FALSE,3,2023,
47.27922223,30.29522222,28726,TRUE,1,2022,
50.66185834,29.81108332,28718,TRUE,1,2022,
50.18016512,37.51369498,28711,TRUE,8,2023,
49.6841091,37.61602956,28704,TRUE,9,2022,
50.35733862,30.95007335,28701,TRUE,3,2023,
49.43775666,27.03629908,28693,FALSE,3,2023,
50.83539002,29.64387999,28689,FALSE,3,2023,
50.98726182,29.98243,28685,TRUE,6,2022,
51.503653,31.293167,28676,TRUE,6,2022,
50.40552342,29.89151,28675,TRUE,7,2022,
50.33831127,29.72029,28674,TRUE,10,2023,
50.30368838,36.9453166,28673,TRUE,8,2022,
49.66293642,36.7544,28669,TRUE,9,2022,
50.66626515,29.81074,28661,TRUE,5,2023,
48.74805573,32.51121,28660,TRUE,2,2023,
50.46098609,29.81188,28655,FALSE,6,2023,
50.99323621,29.76839,28645,TRUE,7,2022,
50.8572013,30.59707,28636,FALSE,8,2023,
50.5466501,30.29168506,28628,TRUE,5,2022,
50.37204398,30.83589634,28623,TRUE,8,2022,
50.99323621,29.76839,28622,TRUE,4,2023,
50.34071178,30.42356,28611,TRUE,5,2022,
50.16512603,30.57811,28610,TRUE,5,2023,
50.51092343,29.80774,28608,TRUE,1,2022,
50.87361774,32.40415943,28599,TRUE,5,2022,
47.90830301,36.899539,28597,TRUE,6,2023,
50.1662494,36.82420346,28593,TRUE,10,2023,
50.16662051,36.82649943,28592,TRUE,8,2023,
50.62237834,30.44451,28587,TRUE,9,2023,
50.63306106,30.87539,28582,TRUE,8,2022,
50.584981,30.235748,28579,TRUE,10,2022,
51.47591321,31.30135302,28576,TRUE,10,2023,
50.68449345,30.39401,28575,TRUE,6,2022,
50.90910182,30.33296,28574,TRUE,4,2023,
50.18949177,37.09788,28567,TRUE,6,2022,
50.90910182,30.33296,28561,TRUE,8,2022,
50.33305152,30.36868,28557,TRUE,10,2022,
50.65630351,29.79575752,28552,TRUE,2,2023,
50.08428491,36.36220242,28534,TRUE,1,2022,
51.01633674,30.02151,28529,TRUE,4,2023,
49.31880557,31.992,28528,TRUE,9,2022,
50.8572013,30.59707,28523,TRUE,7,2023,
50.54626908,29.80056,28522,TRUE,10,2023,
50.07401731,29.9199,28512,TRUE,3,2022,
50.868791,32.01800501,28511,TRUE,2,2022,
50.584981,30.235748,28510,TRUE,2,2023,
50.46598179,30.0274,28503,TRUE,3,2023,
50.62547208,30.20929,28500,TRUE,6,2022,
50.584981,30.235748,28499,TRUE,1,2022,
51.503653,31.293167,28497,TRUE,5,2022,
50.64638379,29.94203,28494,TRUE,3,2023,
51.503653,31.293167,28493,TRUE,5,2022,
50.81576107,29.63977,28489,TRUE,3,2023,
49.77933201,36.82205141,28487,TRUE,10,2023,
50.55480094,30.21467037,28480,TRUE,9,2023,
50.54346299,30.21201,28465,TRUE,10,2022,
49.99255337,30.55766,28461,TRUE,9,2023,
51.503653,31.293167,28442,TRUE,3,2023,
50.89017181,29.71614,28438,TRUE,8,2023,
50.64638379,29.94203,28436,TRUE,4,2022,
50.584981,30.235748,28434,TRUE,10,2023,
49.88772125,29.85495,28423,TRUE,6,2023,
50.39192949,30.36727,28412,TRUE,5,2023,
50.40552342,29.89151,28411,TRUE,8,2022,
50.51092343,29.80774,28410,TRUE,8,2022,
50.38417026,30.37059,28409,TRUE,3,2023,
50.38417026,30.37059,28397,TRUE,2,2022,
49.86286374,29.78789,28396,TRUE,7,2022,
50.61094002,30.47760502,28394,TRUE,4,2023,
50.607065,30.47237501,28393,TRUE,4,2022,
50.38766002,30.34049997,28387,TRUE,9,2023,
50.27423269,30.32706,28383,FALSE,5,2022,
50.61189208,30.47374,28382,FALSE,7,2023,
51.503653,31.293167,28380,TRUE,7,2023,
50.45735174,29.87018498,28367,TRUE,4,2023,
50.95423211,29.47874,28357,TRUE,4,2023,
46.43097223,30.6135,28347,TRUE,2,2023,
50.58085453,30.26322,28336,FALSE,7,2023,
50.11006306,30.62652,28335,TRUE,6,2022,
50.24149185,36.3887771,28321,FALSE,4,2023,
52.01554459,33.25148138,28315,TRUE,8,2022,
51.503653,31.293167,28297,TRUE,1,2022,
50.96406773,29.75584212,28286,TRUE,8,2023,
50.5747044,30.23695326,28285,TRUE,6,2022,
50.46866128,30.99191,28280,TRUE,6,2023,
48.96908334,31.23347222,28272,TRUE,2,2023,
51.1601918,31.86507,28271,TRUE,2,2022,
51.38867214,31.20363,28263,TRUE,7,2023,
51.3861828,31.39995,28261,TRUE,3,2022,
50.55002001,30.22930002,28260,TRUE,2,2022,
50.62237834,30.44451,28259,TRUE,5,2023,
50.584981,30.235748,28250,TRUE,7,2023,
50.584981,30.235748,28249,TRUE,6,2022,
50.41470014,29.8012,28242,TRUE,2,2022,
49.41571001,32.09402999,28232,TRUE,7,2022,
50.95423211,29.47874,28222,TRUE,8,2022,
50.58085453,30.26322,28221,TRUE,9,2022,
50.45571238,29.86967,28205,TRUE,3,2023,
50.40552342,29.89151,28203,TRUE,3,2022,
50.5093951,29.80979994,28195,TRUE,9,2023,
50.63306106,30.87539,28170,TRUE,10,2022,
50.51092343,29.80774,28167,TRUE,6,2023,
50.52928,30.85382,28166,TRUE,10,2022,
51.44369969,31.17535057,28156,TRUE,9,2023,
50.15543177,36.73629,28151,TRUE,2,2022,
50.15543177,36.73629,28150,TRUE,9,2022,
48.95191668,31.38866667,28140,TRUE,5,2023,
50.28753519,36.91001372,28124,TRUE,1,2023,
50.85274274,30.39791,28123,TRUE,5,2023,
50.63306106,30.87539,28111,TRUE,5,2022,
51.503653,31.293167,28102,TRUE,9,2023,
50.50029001,30.14724002,28098,FALSE,7,2022,
49.41988501,32.08691999,28095,TRUE,4,2023,
49.16510547,31.38273305,28094,TRUE,2,2023,
50.71329209,30.53957,28090,FALSE,4,2023,
50.07134,36.21314003,28080,TRUE,9,2022,
50.48478956,29.87200978,28079,TRUE,10,2022,
48.4161915,25.60288557,28076,TRUE,9,2023,
50.87576362,32.01070372,28065,TRUE,4,2023,
50.50358084,30.1485,28062,TRUE,4,2023,
50.41470014,29.8012,28055,TRUE,6,2022,
48.32942851,37.8511831,28043,TRUE,10,2023,
50.68831002,30.00164003,28039,TRUE,6,2022,
50.78363501,30.30829498,28037,TRUE,2,2023,
50.58351001,29.78095504,28036,TRUE,9,2023,
50.67381209,30.06728,28011,TRUE,10,2022,
50.59192376,30.90444,28007,TRUE,1,2022,
50.08389939,36.38675,28003,TRUE,10,2022,
50.45571238,29.86967,28000,TRUE,6,2023,
49.64249231,31.97997,27997,TRUE,8,2022,
50.55200299,30.21474,27986,TRUE,10,2022,
50.54162155,30.1594,27982,TRUE,3,2023,
50.54162155,30.1594,27981,TRUE,10,2022,
49.64147223,31.98269444,27968,TRUE,4,2022,
51.503653,31.293167,27955,TRUE,8,2023,
51.503653,31.293167,27954,TRUE,3,2022,
50.17817177,30.4526,27948,TRUE,7,2022,
50.5644,30.31328725,27945,TRUE,10,2023,
49.88772125,29.85495,27944,TRUE,5,2022,
48.75700001,30.05402778,27942,TRUE,4,2022,
50.51871679,30.2395,27938,TRUE,7,2022,
50.4981883,31.25028,27909,TRUE,8,2022,
48.87805557,38.03277778,27893,TRUE,8,2022,
50.55325002,30.21775001,27887,TRUE,2,2022,
50.79402,30.35288,27882,TRUE,5,2023,
50.56523738,31.15806805,27871,TRUE,3,2022,
50.84578896,29.68755598,27860,TRUE,5,2022,
50.78398723,30.31239,27859,TRUE,3,2023,
50.37477502,30.22922999,27858,TRUE,6,2023,
50.10221992,36.42945307,27857,TRUE,1,2023,
51.03254381,29.67837067,27852,TRUE,3,2022,
48.39495401,37.915242,27851,TRUE,1,2022,
50.45190179,29.94825,27849,TRUE,8,2023,
48.90405557,30.28925,27847,TRUE,4,2022,
49.32197223,31.90991667,27846,TRUE,7,2023,
49.44177779,31.93994444,27844,TRUE,6,2023,
51.49374529,31.29441,27841,TRUE,10,2023,
48.32850001,37.82213889,27835,TRUE,2,2023,
50.46098609,29.81188,27825,TRUE,10,2022,
50.56166,30.26055002,27810,FALSE,9,2023,
50.45571238,29.86967,27809,FALSE,7,2023,
50.51092343,29.80774,27806,TRUE,8,2023,
50.44746128,30.22674,27805,TRUE,9,2022,
50.35426001,30.37580002,27804,TRUE,4,2023,
50.68449345,30.39401,27803,TRUE,10,2023,
50.45571238,29.86967,27802,TRUE,3,2023,
50.44746128,30.22674,27800,TRUE,3,2022,
50.55208344,29.83293,27773,TRUE,1,2023,
50.35829465,30.39622,27733,TRUE,9,2023,
50.63854834,30.02227,27731,TRUE,3,2023,
50.39391099,30.36990335,27730,TRUE,7,2023,
51.503653,31.293167,27729,TRUE,6,2023,
50.24194379,30.42997,27723,TRUE,1,2023,
46.60439853,31.03036582,27721,TRUE,8,2022,
50.18218401,30.31202,27719,TRUE,5,2023,
50.37153085,30.36861,27718,TRUE,4,2022,
50.39041687,30.23243,27717,TRUE,1,2022,
50.39192949,30.36727,27716,TRUE,10,2023,
50.39192949,30.36727,27715,TRUE,10,2023,
50.34418341,30.32393,27714,TRUE,10,2023,
50.31912077,30.29728,27713,TRUE,2,2023,
51.503653,31.293167,27701,TRUE,2,2023,
51.96133403,31.15094,27681,TRUE,10,2022,
50.32150151,31.31768,27672,TRUE,7,2022,
50.54925306,29.73321,27663,TRUE,1,2022,
50.40365099,30.232718,27656,TRUE,3,2022,
50.36466001,30.40475999,27655,TRUE,3,2022,
50.68449345,30.39401,27635,TRUE,7,2022,
50.0037055,30.22448,27616,TRUE,1,2023,
48.81843297,30.67012262,27615,TRUE,3,2022,
50.77265274,30.66303,27614,TRUE,9,2023,
51.503653,31.293167,27610,TRUE,2,2023,
50.62554834,30.91261,27607,TRUE,10,2023,
50.57693468,30.11446,27606,TRUE,5,2023,
51.503653,31.293167,27605,TRUE,8,2022,
50.56841561,30.2651,27579,TRUE,4,2022,
49.38347732,32.18807811,27566,TRUE,9,2023,
50.29236999,36.98260997,27558,TRUE,9,2022,
50.51092343,29.80774,27546,TRUE,10,2023,
50.45571238,29.86967,27545,TRUE,3,2023,
50.45571238,29.86967,27544,TRUE,3,2023,
49.80813502,30.04542001,27543,TRUE,3,2023,
50.84450154,29.54314,27542,TRUE,1,2023,
50.97400108,30.00964,27520,FALSE,6,2022,
49.79014698,29.83646,27519,TRUE,4,2022,
50.46158,29.82303001,27515,TRUE,8,2023,
51.48590389,31.06808188,27511,TRUE,10,2022,
50.40732501,29.68480501,27509,TRUE,4,2022,
50.47459001,29.82513999,27501,FALSE,1,2022,
50.5107624,30.2268546,27498,TRUE,5,2023,
50.87167555,30.39971231,27495,TRUE,4,2022,
51.45525355,31.19389,27491,TRUE,10,2022,
50.2191,30.32042003,27477,TRUE,10,2023,
51.503653,31.293167,27472,TRUE,6,2023,
50.584981,30.235748,27438,TRUE,10,2022,
50.33069127,30.46836,27436,TRUE,10,2022,
50.32598557,30.46957,27432,TRUE,3,2023,
50.55200299,30.21474,27419,TRUE,5,2022,
49.71038987,31.55740934,27417,TRUE,3,2022,
51.503653,31.293167,27411,TRUE,6,2022,
50.29729995,36.94086026,27400,TRUE,10,2023,
51.503653,31.293167,27399,TRUE,4,2022,
50.71329209,30.53957,27397,TRUE,4,2022,
49.9690715,31.74342,27394,TRUE,2,2022,
49.77128002,30.13593501,27393,TRUE,4,2023,
50.68449345,30.39401,27389,TRUE,9,2022,
51.61366357,32.35984,27385,TRUE,10,2023,
49.30075146,30.33946,27352,TRUE,10,2022,
50.45571238,29.86967,27339,TRUE,2,2022,
49.31325362,37.31157032,27327,TRUE,6,2022,
50.8099878,30.13745,27314,TRUE,10,2023,
50.63055745,30.91363997,27308,TRUE,2,2023,
50.56841561,30.2651,27301,TRUE,4,2022,
50.28520003,36.96408999,27293,TRUE,3,2023,
51.503653,31.293167,27275,TRUE,3,2022,
50.38360607,29.9339,27262,TRUE,7,2023,
50.51871679,30.2395,27238,TRUE,7,2023,
51.503653,31.293167,27232,TRUE,1,2023,
50.1436563,36.86428123,27231,TRUE,5,2022,
49.50982173,30.56578,27229,TRUE,1,2022,
50.57911045,30.22751443,27227,TRUE,7,2022,
50.58085453,30.22270792,27226,TRUE,1,2023,
50.62602403,30.87231082,27215,TRUE,5,2023,
50.50358084,30.1485,27214,TRUE,1,2023,
50.68350052,30.39324,27208,TRUE,10,2022,
50.51826026,30.2497,27204,TRUE,8,2023,
50.21923177,30.11812,27202,TRUE,4,2023,
49.97130002,31.05042998,27196,TRUE,2,2023,
51.39328708,31.29689107,27195,TRUE,10,2023,
50.53062001,30.25347997,27186,TRUE,3,2023,
51.36831002,31.28611996,27185,TRUE,10,2023,
50.67408273,29.55797,27175,TRUE,8,2022,
50.53452003,30.23417997,27174,TRUE,6,2022,
50.51021503,29.81670503,27173,TRUE,9,2022,
50.60060208,30.75764,27172,TRUE,6,2023,
51.49574518,31.29900349,27154,TRUE,4,2022,
50.89132107,29.7124,27143,TRUE,8,2022,
50.44327559,29.96046,27140,TRUE,10,2023,
50.57947128,30.83383,27139,TRUE,1,2023,
50.51092343,29.80774,27138,TRUE,5,2023,
50.45571238,29.86967,27135,TRUE,2,2023,
51.503653,31.293167,27133,TRUE,5,2023,
50.45571238,29.86967,27132,TRUE,4,2023,
50.67381209,30.06728,27130,TRUE,3,2022,
50.56841561,30.2651,27119,TRUE,2,2023,
50.41767207,35.9578954,27116,TRUE,3,2023,
50.62554834,30.91261,27101,TRUE,3,2022,
50.63273516,30.92325301,27075,TRUE,8,2022,
50.56841561,30.2651,27074,TRUE,5,2022,
50.61175962,30.31961332,27073,TRUE,6,2022,
49.97622223,32.30752778,27072,TRUE,3,2022,
50.10180431,36.39064694,27054,TRUE,6,2022,
51.48750027,31.32225,27052,TRUE,5,2022,
50.60545999,30.453895,27037,TRUE,10,2023,
50.51092343,29.80774,27034,TRUE,10,2023,
50.72947667,30.24188,27021,TRUE,4,2023,
50.9467213,30.43659,27016,TRUE,6,2022,
50.72947667,30.24188,27014,TRUE,2,2023,
48.32193001,37.757366,27009,TRUE,8,2022,
51.1665801,29.61159,26996,TRUE,7,2023,
49.81655698,29.94814,26991,TRUE,5,2022,
50.58085453,30.26322,26990,TRUE,4,2023,
51.503653,31.293167,26985,TRUE,2,2022,
50.56325344,30.31278,26982,TRUE,8,2022,
50.89132107,29.7124,26962,TRUE,4,2022,
48.32842101,37.85966,26949,TRUE,4,2022,
51.503653,31.293167,26947,TRUE,4,2022,
50.51092343,29.80774,26940,TRUE,5,2023,
50.69015345,29.99471,26935,TRUE,8,2023,
50.54925306,29.73321,26934,TRUE,1,2023,
50.5758889,31.53566667,26930,TRUE,1,2023,
50.45571238,29.86967,26926,TRUE,1,2022,
50.45571238,29.86967,26922,TRUE,1,2022,
51.503653,31.293167,26916,TRUE,10,2022,
50.53367501,30.21505003,26913,TRUE,1,2022,
51.503653,31.293167,26912,TRUE,10,2023,
48.40168301,37.906476,26910,TRUE,3,2022,
50.31219178,30.07539,26905,TRUE,8,2022,
50.51092343,29.80774,26899,TRUE,10,2023,
50.55312179,29.83549,26896,TRUE,2,2023,
48.3036,32.16,26891,TRUE,7,2022,
51.37885802,31.28533386,26889,TRUE,4,2022,
50.44186501,30.309485,26887,TRUE,1,2023,
50.58307549,30.48582,26885,TRUE,5,2023,
50.75602181,30.35269,26858,TRUE,6,2022,
50.4782356,29.8648,26850,TRUE,8,2023,
50.4782356,29.8648,26848,TRUE,1,2023,
51.503653,31.293167,26846,TRUE,5,2023,
50.24030508,31.27496,26837,TRUE,4,2022,
48.39902779,37.84961111,26835,TRUE,7,2023,
50.37311001,29.79393999,26823,TRUE,3,2022,
50.98806626,29.77592102,26819,TRUE,7,2023,
50.56630002,30.27272004,26803,TRUE,6,2023,
50.51556943,29.81897578,26794,TRUE,6,2023,
50.6521318,30.25951,26790,TRUE,4,2022,
51.40767841,30.73990354,26781,TRUE,2,2022,
46.62159849,32.61035751,26778,FALSE,5,2023,
46.62216928,32.61091507,26777,FALSE,7,2022,
50.86684314,30.39543976,26775,TRUE,6,2022,
50.24194267,36.92832918,26768,TRUE,9,2022,
48.32354341,37.8505384,26765,TRUE,7,2023,
47.20017326,33.51111359,26762,FALSE,4,2023,
47.20256915,33.19754822,26738,FALSE,1,2022,
50.73172308,30.33104,26735,TRUE,8,2023,
50.4782356,29.8648,26733,TRUE,10,2022,
50.45636813,29.87138661,26717,TRUE,8,2023,
49.54946102,36.34897,26708,TRUE,3,2023,
50.17943585,30.33725422,26704,TRUE,8,2022,
50.51223339,29.81134489,26702,TRUE,7,2023,
50.45658671,29.87069997,26700,TRUE,9,2023,
50.56841561,30.2651,26691,TRUE,5,2023,
50.51447179,30.06159,26676,TRUE,4,2023,
50.55939179,30.08665,26675,TRUE,7,2022,
51.503653,31.293167,26673,TRUE,1,2022,
48.27965979,30.97578067,26672,TRUE,2,2023,
51.45899125,30.74144066,26669,TRUE,2,2023,
50.55208344,29.83293,26666,TRUE,6,2022,
51.54406429,31.44822937,26645,TRUE,3,2023,
49.03295127,37.11175038,26630,TRUE,1,2022,
49.03417519,37.13267161,26629,TRUE,6,2022,
49.03601804,37.13101937,26626,TRUE,9,2023,
49.03330298,37.11960388,26622,TRUE,1,2022,
49.033514,37.11947514,26621,TRUE,1,2022,
49.03191022,37.11037708,26620,TRUE,10,2023,
49.03233227,37.1109779,26618,TRUE,7,2022,
49.03224786,37.11917473,26616,TRUE,7,2022,
49.03252923,37.118531,26614,TRUE,1,2022,
49.02825228,37.10836006,26609,TRUE,6,2022,
49.4865254,36.3605,26582,TRUE,8,2022,
49.03157257,37.11042,26580,TRUE,8,2023,
49.03157257,37.11042,26579,TRUE,10,2022,
50.94014978,29.90753335,26574,TRUE,9,2022,
51.34202737,32.87823,26560,TRUE,1,2023,
51.503653,31.293167,26559,TRUE,1,2022,
48.76304771,30.03794137,26556,TRUE,4,2022,
50.39274617,30.15161,26544,TRUE,1,2022,
50.55200299,30.21474,26541,TRUE,3,2023,
49.69139151,30.47527485,26538,TRUE,1,2023,
49.83663299,29.65574,26525,TRUE,9,2023,
51.60265021,31.22585796,26515,TRUE,2,2023,
50.71544186,30.38729594,26513,TRUE,1,2023,
51.51313002,31.31282999,26508,TRUE,1,2023,
50.68449345,30.39401,26494,TRUE,2,2023,
50.564935,30.19686499,26470,TRUE,8,2023,
51.503653,31.293167,26461,TRUE,10,2023,
50.37066501,30.42076,26457,TRUE,4,2023,
50.41778178,30.0357,26456,TRUE,10,2022,
50.45571238,29.86967,26439,TRUE,10,2022,
50.584981,30.235748,26437,TRUE,1,2023,
50.54346299,30.21201,26436,TRUE,5,2022,
50.54346299,30.21201,26435,TRUE,10,2022,
50.51092343,29.80774,26432,TRUE,5,2023,
50.9467213,30.43659,26420,TRUE,5,2023,
50.92549182,29.65111,26419,TRUE,1,2023,
50.44401128,30.19929,26418,TRUE,5,2022,
50.68449345,30.39401,26417,TRUE,8,2023,
50.27177177,30.37104,26411,TRUE,7,2023,
50.4782356,29.8648,26399,TRUE,1,2022,
50.4782356,29.8648,26398,TRUE,7,2023,
50.4782356,29.8648,26397,TRUE,1,2022,
50.50334999,30.24447001,26393,TRUE,6,2022,
50.63778004,30.87949004,26392,TRUE,7,2023,
50.59994833,30.75884163,26390,TRUE,10,2022,
50.54559001,30.21989,26389,TRUE,8,2022,
51.50866,31.28820002,26382,TRUE,5,2023,
51.52099003,31.36219998,26377,TRUE,8,2023,
50.31556178,29.86756,26361,TRUE,9,2023,
51.503653,31.293167,26344,TRUE,2,2022,
51.503653,31.293167,26341,TRUE,1,2023,
46.4666667,30.7333333,26337,TRUE,2,2022,
46.47155556,30.69061111,26336,TRUE,9,2022,
50.42430942,30.11840339,26331,TRUE,10,2023,
50.49187423,31.37822,26321,TRUE,9,2022,
50.49536879,31.38027994,26301,TRUE,10,2022,
51.503653,31.293167,26287,TRUE,3,2023,
50.45782271,30.16955,26284,TRUE,5,2023,
50.45196,30.76832002,26280,TRUE,9,2022,
50.35382032,30.45285505,26274,TRUE,4,2023,
50.56418192,30.30830907,26272,TRUE,2,2023,
50.6769394,30.52736976,26261,TRUE,1,2023,
50.55615089,30.2142601,26260,TRUE,6,2023,
51.38867214,31.20363,26254,TRUE,6,2023,
51.96182361,31.42059,26253,TRUE,1,2022,
50.61373106,30.81227,26249,TRUE,4,2023,
50.69335107,29.75063,26245,TRUE,4,2022,
50.56841561,30.2651,26218,TRUE,6,2023,
48.84958144,29.96641,26216,TRUE,6,2022,
50.45571238,29.86967,26214,TRUE,10,2022,
50.58085453,30.26322,26212,TRUE,2,2023,
50.58884681,30.21032858,26209,TRUE,10,2022,
50.59618153,30.5689,26207,TRUE,7,2022,
50.39734997,30.79057613,26194,TRUE,8,2023,
51.503653,31.293167,26185,TRUE,9,2022,
49.39097223,32.05144444,26184,TRUE,1,2023,
50.55509468,30.64332997,26178,TRUE,8,2022,
49.04008334,30.82508333,26169,TRUE,5,2022,
50.67862353,29.83303649,26167,TRUE,6,2022,
50.89017181,29.71614,26164,TRUE,6,2023,
50.20910006,37.11204132,26146,TRUE,9,2022,
50.39183961,30.2355199,26124,TRUE,7,2023,
50.29399767,36.93624,26123,TRUE,7,2023,
48.33178701,37.844337,26107,TRUE,2,2023,
51.503653,31.293167,26106,TRUE,5,2022,
51.503653,31.293167,26105,TRUE,3,2023,
50.6034518,30.31637,26078,TRUE,4,2023,
50.62782654,30.20855514,26077,TRUE,9,2023,
50.59947469,30.17501,26066,TRUE,7,2023,
50.21297937,37.10341533,26054,TRUE,7,2023,
51.5329011,31.3676,26030,TRUE,2,2022,
50.50288002,30.245,26008,TRUE,7,2022,
50.60119208,30.31927,26007,TRUE,5,2023,
51.503653,31.293167,25988,TRUE,7,2022,
50.67446576,30.31001,25984,TRUE,3,2023,
50.79471861,30.04108,25983,TRUE,8,2022,
49.64065573,36.90139348,25977,TRUE,4,2023,
50.56630002,30.27272004,25967,TRUE,5,2022,
50.50224144,30.77405,25933,TRUE,6,2023,
48.91816668,30.22677778,25932,TRUE,6,2022,
48.73120287,30.10421,25929,TRUE,7,2022,
50.8572013,30.59707,25926,TRUE,3,2022,
50.62449165,31.31080454,25917,TRUE,7,2023,
50.49187423,31.37822,25900,TRUE,10,2023,
50.584981,30.235748,25895,TRUE,4,2023,
51.05095857,30.81233879,25890,TRUE,4,2023,
50.584981,30.235748,25887,TRUE,9,2022,
50.37488289,30.30831326,25879,TRUE,3,2023,
50.33682999,30.29610999,25877,TRUE,7,2022,
49.75191174,31.31411,25876,TRUE,10,2022,
50.65279524,30.25951,25850,TRUE,1,2023,
50.56433179,30.81914,25843,TRUE,1,2023,
49.44511112,31.40208333,25842,TRUE,8,2022,
50.50012003,31.02108997,25840,TRUE,8,2022,
50.59192376,30.90444,25829,TRUE,4,2022,
51.503653,31.293167,25822,TRUE,9,2023,
46.6397418,32.36967524,25819,FALSE,1,2023,
50.584981,30.235748,25816,TRUE,3,2022,
50.65294272,31.18349,25814,TRUE,4,2023,
50.45371055,30.22663,25804,TRUE,4,2022,
49.38618453,32.08570988,25797,TRUE,1,2023,
48.9278077,30.35449378,25796,TRUE,10,2023,
49.13333198,30.51744,25795,TRUE,1,2023,
51.503653,31.293167,25790,TRUE,3,2023,
50.39041687,30.23243,25789,TRUE,1,2023,
50.3711727,30.37003,25785,TRUE,5,2023,
51.45134483,31.07818,25784,TRUE,3,2022,
51.12484108,31.17381,25761,TRUE,4,2023,
50.56907326,30.2651,25759,TRUE,7,2022,
50.79471861,30.04108,25758,TRUE,4,2022,
50.584981,30.235748,25749,TRUE,9,2023,
51.503653,31.293167,25731,TRUE,2,2022,
50.5450627,30.15305,25727,TRUE,6,2022,
50.54793531,30.14039216,25717,TRUE,5,2023,
50.99323621,29.76839,25713,TRUE,7,2023,
50.28893206,30.83921,25706,TRUE,9,2022,
50.28893206,30.83921,25705,TRUE,6,2022,
50.59618153,30.5689,25704,TRUE,10,2022,
49.19322647,31.86826412,25702,TRUE,6,2022,
51.503653,31.293167,25697,TRUE,5,2023,
50.08389939,36.38675,25696,TRUE,1,2022,
51.503653,31.293167,25691,TRUE,1,2022,
50.60119208,30.31927,25676,TRUE,8,2022,
51.503653,31.293167,25670,TRUE,8,2023,
50.68449345,30.39401,25667,TRUE,9,2022,
50.68449345,30.39401,25627,TRUE,5,2023,
48.41294445,37.93,25612,TRUE,1,2023,
47.25889176,35.70433,25605,FALSE,10,2023,
47.14224358,36.78975,25602,FALSE,10,2023,
50.51871679,30.2395,25591,TRUE,10,2022,
50.60985384,29.95658,25590,TRUE,2,2023,
50.60119208,30.31927,25588,TRUE,9,2023,
50.67777669,30.39672017,25563,TRUE,1,2023,
50.43524305,31.07885,25555,TRUE,3,2023,
50.67777669,30.39672017,25554,TRUE,9,2022,
51.37264316,31.27919696,25550,TRUE,4,2022,
51.34541132,31.27715,25540,TRUE,6,2022,
51.12484108,31.17381,25537,TRUE,10,2022,
50.9467213,30.43659,25516,TRUE,2,2022,
50.59223002,30.22270003,25485,TRUE,8,2022,
50.6189473,29.70749029,25473,TRUE,2,2022,
49.19169839,37.27944,25472,TRUE,5,2022,
50.44338001,30.17201001,25463,TRUE,6,2023,
50.68449345,30.39401,25456,TRUE,3,2022,
50.68449345,30.39401,25455,TRUE,7,2023,
50.67322154,30.39653128,25453,TRUE,8,2023,
49.37153108,32.16205,25452,TRUE,4,2023,
50.29399767,36.93624,25449,TRUE,10,2023,
50.10862,36.27206502,25437,TRUE,1,2023,
51.59345397,31.40547,25424,TRUE,5,2023,
51.503653,31.293167,25408,TRUE,5,2022,
49.41633334,31.90105556,25406,TRUE,7,2023,
49.07497223,32.65277778,25404,TRUE,6,2023,
50.60411409,30.31637,25399,TRUE,6,2023,
50.88415501,31.790276,25398,TRUE,8,2022,
50.60119208,30.31927,25396,TRUE,5,2022,
50.50224144,30.77405,25374,TRUE,10,2022,
49.67728795,32.32187216,25369,TRUE,8,2022,
50.56433179,30.81914,25367,TRUE,5,2022,
51.53014488,31.293167,25350,TRUE,10,2023,
48.54522712,39.30995745,25326,TRUE,9,2022,
50.29399767,36.93624,25313,TRUE,2,2023,
51.33787801,32.879963,25286,TRUE,5,2022,
50.75401082,30.08628283,25281,TRUE,9,2023,
50.58238055,30.21309488,25273,TRUE,6,2022,
50.67443773,30.30914,25269,TRUE,6,2022,
50.60351408,29.78256671,25267,TRUE,3,2022,
51.52639006,31.36397997,25262,TRUE,6,2023,
50.44537179,30.17091,25259,TRUE,2,2023,
50.38084026,30.3215,25254,TRUE,10,2022,
51.90425832,31.61973592,25251,TRUE,9,2023,
51.48844003,31.24798004,25248,TRUE,4,2022,
51.35902214,31.43029,25247,TRUE,5,2023,
50.61668027,30.5319,25241,TRUE,2,2023,
50.43318007,30.09858,25235,TRUE,3,2023,
50.57503952,30.66622725,25217,TRUE,8,2022,
50.34642492,31.31875615,25213,TRUE,5,2022,
50.51896026,31.35563,25212,TRUE,7,2023,
50.77643107,30.98769,25208,TRUE,9,2023,
50.7887869,29.52878633,25191,TRUE,3,2023,
50.3892062,30.39438163,25180,TRUE,10,2023,
50.30982002,30.29556741,25171,TRUE,10,2023,
50.60060208,30.75764,25164,TRUE,6,2023,
50.31816606,31.06032,25162,TRUE,3,2022,
51.503653,31.293167,25156,TRUE,4,2022,
50.584981,30.235748,25151,TRUE,8,2022,
51.56030454,31.28428994,25140,TRUE,10,2022,
50.56907326,30.2651,25137,TRUE,1,2023,
49.98967,36.208309,25134,TRUE,4,2023,
50.53636003,30.27817004,25103,TRUE,8,2023,
50.60489644,30.31909834,25102,TRUE,4,2022,
51.11370131,30.28459,25101,TRUE,3,2022,
51.68958096,30.59806006,25100,TRUE,10,2023,
50.08729001,31.12421998,25086,TRUE,1,2023,
50.77265274,30.66303,25085,TRUE,7,2022,
50.53117862,30.23686781,25081,TRUE,5,2023,
51.07591668,31.66077778,25076,TRUE,1,2022,
51.51076,31.28682002,25075,TRUE,5,2022,
50.59736562,30.70918,25057,TRUE,2,2023,
51.503653,31.293167,25037,TRUE,9,2023,
51.503653,31.293167,25031,TRUE,4,2022,
50.29399767,36.93624,25029,TRUE,10,2023,
50.71329209,30.53957,25025,TRUE,10,2023,
50.99853028,32.57216959,25018,TRUE,2,2023,
50.50864677,30.76091516,25011,TRUE,8,2022,
50.31878855,30.2981,24998,TRUE,1,2022,
50.31976741,30.29728,24990,TRUE,3,2023,
50.64550507,29.9201,24976,TRUE,9,2022,
50.45910918,30.78942985,24974,TRUE,6,2022,
50.49187423,31.37822,24968,TRUE,5,2023,
50.39034906,30.22532,24966,TRUE,7,2023,
50.51871679,30.2395,24958,TRUE,10,2022,
50.55200299,30.21474,24956,TRUE,9,2023,
50.68449345,30.39401,24940,TRUE,4,2022,
50.57438541,30.67858687,24933,TRUE,7,2023,
50.5888656,30.71759141,24932,TRUE,7,2023,
49.41891001,31.92314997,24931,TRUE,4,2023,
50.53143,30.22684999,24930,TRUE,6,2023,
50.63229888,30.87109847,24927,TRUE,9,2022,
50.07861194,36.3836601,24923,TRUE,2,2022,
49.99443298,27.48977487,24908,FALSE,8,2023,
50.68564103,30.63894965,24906,TRUE,7,2023,
50.56789272,30.10125,24905,TRUE,4,2022,
50.68831002,30.00164003,24878,TRUE,7,2022,
50.64281502,29.93348497,24868,TRUE,10,2023,
50.0973357,36.38091351,24866,TRUE,6,2023,
50.60718066,30.47095037,24857,TRUE,5,2022,
51.503653,31.293167,24853,FALSE,5,2023,
50.67522562,31.0950616,24852,TRUE,3,2022,
50.62494002,30.44962002,24851,TRUE,3,2022,
50.28491178,36.26213,24850,TRUE,7,2023,
50.56492953,30.52210977,24849,TRUE,2,2023,
50.3711727,30.37003,24840,TRUE,2,2022,
48.33393701,37.844245,24837,TRUE,2,2022,
50.49195977,31.22334222,24834,TRUE,10,2022,
50.61042001,30.46006002,24821,TRUE,8,2022,
50.60602297,30.63801599,24813,TRUE,7,2023,
50.76844,30.65116004,24766,TRUE,4,2022,
50.62237834,30.44451,24761,TRUE,5,2022,
50.49886999,30.78270001,24756,TRUE,7,2022,
50.58216255,30.22476785,24751,TRUE,1,2022,
48.6569211,24.64756836,24737,TRUE,10,2023,
50.487315,30.25477497,24733,TRUE,4,2022,
49.41925266,27.00091835,24721,TRUE,6,2022,
48.68853282,24.42570048,24713,TRUE,7,2023,
50.50562157,30.2513847,24707,TRUE,3,2022,
51.9859636,32.2949746,24702,TRUE,1,2023,
50.51175178,30.79905024,24693,TRUE,5,2023,
48.74805573,32.51121,24685,TRUE,6,2023,
50.584981,30.235748,24683,TRUE,9,2022,
50.584981,30.235748,24682,TRUE,7,2023,
48.10464797,32.11166,24667,TRUE,8,2022,
50.584981,30.235748,24650,TRUE,4,2022,
50.584981,30.235748,24646,TRUE,6,2022,
50.513,30.21628997,24645,TRUE,4,2023,
50.584981,30.235748,24644,TRUE,3,2023,
48.15482,38.889754,24642,FALSE,1,2022,
50.68438001,30.38573999,24638,TRUE,1,2022,
50.29959657,37.02636,24637,TRUE,1,2022,
49.98375232,27.51185947,24634,FALSE,5,2023,
50.456615,30.22394499,24632,TRUE,2,2022,
50.58158999,30.11836998,24629,TRUE,10,2022,
50.58085453,30.26322,24614,TRUE,10,2022,
50.80176501,30.12235503,24608,TRUE,10,2022,
50.55639001,30.27545003,24600,TRUE,5,2022,
50.50868001,31.02645003,24599,TRUE,6,2022,
48.3036,32.16,24595,TRUE,10,2023,
49.40372223,32.04938889,24593,TRUE,7,2022,
49.02286031,26.57712793,24592,TRUE,4,2022,
50.37218864,30.36861,24591,TRUE,4,2023,
50.59618153,30.5689,24590,TRUE,5,2023,
50.59947469,30.17501,24587,TRUE,1,2023,
50.71939501,30.248684,24578,TRUE,6,2022,
50.33305152,30.36868,24575,TRUE,7,2022,
50.59736562,30.70918,24568,TRUE,8,2022,
50.55509468,30.6423,24567,TRUE,1,2022,
50.55509468,30.6423,24566,TRUE,6,2023,
50.50358084,30.1485,24565,TRUE,5,2022,
50.75051154,30.66969,24560,TRUE,9,2022,
50.605363,30.718288,24558,TRUE,10,2022,
50.58945001,30.25598,24548,TRUE,8,2022,
50.42180328,30.16344508,24544,TRUE,6,2022,
48.9130567,24.71529341,24543,TRUE,3,2023,
50.44537179,30.17091,24540,TRUE,2,2023,
50.44746128,30.22674,24530,TRUE,9,2023,
48.60374781,24.53546021,24520,TRUE,6,2022,
46.62029585,32.58741955,24519,FALSE,1,2023,
50.584981,30.235748,24516,TRUE,5,2022,
50.584981,30.235748,24506,TRUE,7,2022,
50.584981,30.235748,24500,TRUE,7,2023,
48.86616704,25.20027668,24482,TRUE,4,2023,
50.42391985,30.16433,24461,TRUE,9,2023,
50.60351408,29.78394,24460,TRUE,3,2023,
50.78398723,30.31239,24459,TRUE,3,2023,
49.97031464,27.07884588,24458,FALSE,10,2023,
50.56907326,30.2651,24454,TRUE,7,2022,
50.44746128,30.22674,24443,TRUE,10,2022,
50.59920129,29.78183,24426,TRUE,4,2023,
50.62761738,30.91784567,24407,TRUE,4,2022,
49.01739519,24.30636638,24403,TRUE,3,2023,
50.79632309,30.36321,24395,TRUE,1,2022,
50.51433927,30.81189947,24394,TRUE,1,2023,
49.42027004,27.00009999,24380,FALSE,3,2022,
49.28175001,31.43075,24375,TRUE,10,2023,
49.19169839,37.27944,24349,TRUE,1,2022,
49.35157538,31.87421,24348,TRUE,5,2022,
50.59192376,30.90444,24344,TRUE,9,2023,
50.59050002,30.90676001,24343,TRUE,6,2022,
49.38517839,24.58850002,24328,TRUE,1,2023,
50.57709307,30.07624,24326,TRUE,6,2023,
50.58802394,30.497,24285,TRUE,7,2022,
50.54411267,30.21201,24284,TRUE,7,2023,
50.48486952,30.89597,24278,TRUE,10,2022,
50.49444467,31.1707,24277,TRUE,1,2023,
50.51117999,30.21132998,24276,TRUE,1,2023,
50.19232503,36.67441376,24271,TRUE,6,2022,
50.14103869,36.97187517,24270,TRUE,4,2023,
49.44391668,32.09527778,24268,TRUE,3,2023,
50.32429493,30.82557498,24248,TRUE,2,2023,
50.55407001,30.22993001,24242,TRUE,9,2022,
50.8572013,30.59707,24225,TRUE,4,2022,
50.55066001,30.13618999,24223,TRUE,6,2023,
50.25123236,36.94895,24217,TRUE,6,2022,
50.584981,30.235748,24171,TRUE,4,2023,
49.08719176,36.87654912,24164,TRUE,7,2022,
47.04999676,33.05888526,24162,FALSE,4,2022,
50.43842969,30.16927922,24138,TRUE,8,2022,
50.71052209,30.22009,24125,TRUE,1,2022,
50.51092343,29.80774,24114,TRUE,7,2022,
51.0320943,29.91466,24098,TRUE,6,2023,
51.01715247,29.69535,24096,TRUE,4,2023,
50.50224144,30.77405,24076,TRUE,6,2023,
50.6312,30.43879999,24075,TRUE,5,2023,
50.60361501,30.45319998,24074,TRUE,5,2023,
50.59199027,30.90344,24044,TRUE,1,2022,
50.47029003,30.91749002,24037,TRUE,5,2023,
50.584981,30.235748,24032,TRUE,10,2023,
49.435278,32.08637,24015,FALSE,5,2023,
50.60019862,30.7122699,24001,TRUE,1,2023,
50.48486952,30.89597,23998,TRUE,9,2023,
50.19230287,36.67454766,23983,TRUE,2,2023,
50.37065816,31.07011188,23982,TRUE,10,2023,
50.55418434,30.21336671,23980,TRUE,1,2023,
50.68204999,30.72168001,23964,TRUE,8,2022,
50.44905179,30.08171,23948,TRUE,8,2022,
50.05056613,36.56442682,23943,TRUE,5,2023,
50.05133771,36.5663151,23941,TRUE,5,2023,
50.06891677,36.37267377,23938,TRUE,8,2023,
49.32448329,31.99172,23918,TRUE,3,2022,
50.88338297,29.69412662,23887,TRUE,3,2022,
50.41705305,30.04401,23868,TRUE,7,2023,
50.85468277,29.73341665,23862,TRUE,3,2023,
49.62830557,31.61716667,23851,TRUE,7,2023,
50.78398723,30.31239,23847,TRUE,4,2023,
50.78713843,30.3026,23846,TRUE,2,2022,
51.01715247,29.69535,23845,TRUE,9,2023,
50.56727592,30.31486439,23832,TRUE,7,2023,
50.29621149,36.95910851,23822,TRUE,1,2023,
50.62576614,30.90368361,23767,TRUE,9,2023,
46.600299,33.935818,23764,FALSE,6,2023,
46.548908,34.142649,23763,FALSE,7,2022,
49.98967,36.208309,23755,TRUE,10,2023,
50.55271002,30.27936002,23754,TRUE,10,2022,
50.71329209,30.53957,23752,TRUE,6,2023,
50.25443002,31.1639,23747,TRUE,8,2023,
50.19564419,31.62046,23745,TRUE,6,2022,
51.02839131,29.91187,23733,TRUE,3,2023,
50.95643119,29.49520078,23720,TRUE,6,2023,
50.48436382,29.64025,23715,TRUE,3,2023,
50.58983003,30.25609999,23713,TRUE,8,2022,
50.44537179,30.17091,23695,TRUE,7,2022,
50.494295,31.2802121,23687,TRUE,9,2022,
50.60729322,30.30004393,23677,TRUE,8,2022,
49.63254737,30.12892339,23673,TRUE,6,2023,
50.6059859,30.30622374,23671,TRUE,9,2022,
50.6630229,29.81011896,23655,TRUE,9,2022,
50.58509208,29.76384,23652,TRUE,7,2023,
50.07820552,31.20276,23643,TRUE,8,2023,
50.62198502,30.43968001,23635,TRUE,1,2022,
50.29959657,37.02636,23627,TRUE,6,2022,
48.71341668,30.11494444,23567,TRUE,10,2022,
49.24156823,30.32279366,23566,TRUE,3,2023,
50.51370001,30.24873003,23548,TRUE,2,2022,
50.63344002,30.87568,23532,TRUE,8,2022,
50.60411409,30.31637,23519,TRUE,4,2022,
50.62547208,30.20929,23518,TRUE,3,2023,
51.503653,31.293167,23512,TRUE,5,2023,
51.503653,31.293167,23493,TRUE,6,2022,
51.503653,31.293167,23488,TRUE,4,2022,
50.83970969,29.66452,23485,TRUE,10,2023,
49.14069404,30.23206,23482,TRUE,7,2022,
50.56907326,30.2651,23480,TRUE,8,2023,
51.01633674,30.02151,23472,TRUE,8,2022,
50.90338175,30.42618035,23453,TRUE,10,2023,
49.23147223,30.40688889,23450,TRUE,10,2022,
49.51241668,31.80513889,23449,TRUE,6,2022,
48.3036,32.16,23441,TRUE,3,2023,
49.98983015,36.39784138,23434,TRUE,4,2022,
50.8572013,30.59707,23430,TRUE,9,2023,
48.99522223,31.26902778,23414,TRUE,1,2023,
49.3973482,32.08283148,23404,TRUE,3,2022,
50.78398723,30.31239,23401,TRUE,9,2022,
49.85728103,36.5113,23395,TRUE,10,2022,
50.67729317,30.06796665,23387,TRUE,4,2022,
50.67381209,30.06728,23386,TRUE,5,2022,
50.4981883,31.25028,23372,TRUE,6,2022,
50.52513542,31.13037221,23366,TRUE,5,2022,
50.58085453,30.26322,23363,TRUE,8,2022,
50.51126297,31.0017,23359,TRUE,4,2023,
50.27946475,36.94739799,23347,TRUE,9,2023,
50.6726083,30.07805,23327,TRUE,1,2022,
50.6535148,30.0809601,23321,TRUE,1,2023,
50.53754208,30.82461,23320,TRUE,10,2022,
50.33248118,30.97308828,23316,TRUE,2,2022,
51.503653,31.293167,23287,TRUE,7,2022,
48.72948405,33.12230253,23253,TRUE,6,2022,
50.5481924,30.14032638,23249,TRUE,4,2022,
50.50334999,30.24447001,23205,TRUE,5,2023,
51.503653,31.293167,23189,TRUE,1,2022,
48.59323079,31.36533678,23184,TRUE,4,2022,
50.83140107,29.52494,23183,TRUE,9,2022,
50.58536,30.25911001,23181,TRUE,9,2023,
50.33279644,30.31735537,23174,TRUE,7,2022,
50.44151487,30.15071924,23146,TRUE,8,2022,
50.48486952,30.89597,23143,TRUE,3,2023,
50.56730907,31.15617978,23141,TRUE,5,2023,
50.73587198,29.85448316,23138,TRUE,6,2023,
50.75668771,30.35269,23136,TRUE,10,2022,
50.56492193,30.22476167,23132,TRUE,4,2022,
51.503653,31.293167,23103,TRUE,1,2022,
48.60140479,31.31504,23098,TRUE,8,2023,
50.44245028,30.16905,23096,TRUE,5,2023,
50.06804157,31.44969,23095,TRUE,6,2023,
50.68449345,30.39401,23094,TRUE,4,2022,
51.05059276,29.78076,23084,TRUE,10,2022,
50.59658711,30.49390723,23077,TRUE,9,2022,
50.56790394,30.26928411,23075,TRUE,10,2022,
48.93644445,29.98575,23068,TRUE,7,2023,
48.9723889,32.05161111,23059,TRUE,1,2022,
48.60188869,31.31292,23049,TRUE,5,2023,
50.62237834,30.44451,23035,TRUE,1,2022,
50.584981,30.235748,23030,TRUE,7,2023,
50.59192376,30.90444,23026,TRUE,3,2023,
49.89969233,36.43443,23025,TRUE,4,2023,
50.51177671,30.84233412,23000,TRUE,10,2023,
50.60119208,30.31927,22994,TRUE,4,2022,
50.75668771,30.35269,22990,TRUE,9,2023,
49.46492261,32.57302,22981,TRUE,4,2022,
49.01926002,31.37548999,22980,TRUE,2,2022,
50.57866695,30.21291494,22974,TRUE,5,2023,
50.62785465,30.91374,22958,TRUE,6,2022,
50.16384397,36.80864665,22956,TRUE,7,2022,
50.67285319,30.40285304,22953,TRUE,8,2022,
50.51871679,30.2395,22940,TRUE,6,2023,
50.59947469,30.17501,22939,TRUE,6,2023,
50.40608442,30.39080584,22930,TRUE,1,2022,
50.48298535,30.90897335,22928,TRUE,8,2023,
50.05045399,36.81668255,22926,TRUE,9,2022,
48.43245319,32.31618,22906,TRUE,8,2022,
50.66718577,30.06619639,22900,TRUE,2,2023,
50.31704341,30.21681,22884,TRUE,8,2023,
48.71453359,30.77458,22879,TRUE,5,2023,
48.66868013,30.75880083,22871,TRUE,9,2022,
48.32047341,30.47008266,22867,TRUE,7,2023,
48.31419485,30.45308818,22866,TRUE,5,2023,
48.91958334,30.35411111,22837,TRUE,4,2022,
50.51871679,30.2395,22819,TRUE,7,2022,
50.50224144,30.77405,22818,TRUE,4,2022,
50.84450154,29.54314,22813,TRUE,2,2022,
46.66195192,32.88512452,22808,FALSE,4,2023,
50.36345607,31.32897,22801,TRUE,7,2022,
50.4981883,31.25028,22798,TRUE,9,2022,
49.00589748,32.60790834,22795,TRUE,8,2023,
49.11142089,30.07845208,22794,TRUE,2,2022,
49.13409761,30.66047271,22793,TRUE,5,2022,
49.42885884,32.0165063,22792,TRUE,4,2023,
50.60119208,30.31927,22787,TRUE,10,2023,
50.71329209,30.53957,22785,TRUE,8,2023,
50.584981,30.235748,22784,TRUE,1,2022,
50.584981,30.235748,22768,TRUE,5,2022,
50.57677999,30.26371,22752,TRUE,5,2022,
50.60460436,30.31774329,22736,TRUE,7,2022,
50.45809829,30.79797,22730,TRUE,2,2023,
50.39036001,30.79043998,22725,TRUE,10,2022,
49.44075367,32.06368,22724,TRUE,10,2022,
49.11666445,30.0857,22723,TRUE,7,2023,
50.54292122,30.22358915,22690,TRUE,4,2023,
49.98967,36.208309,22689,TRUE,3,2022,
50.62718,30.91062001,22680,TRUE,1,2023,
50.495625,30.25031501,22676,TRUE,8,2022,
50.59923725,30.3204764,22674,TRUE,4,2022,
48.46093025,31.32006,22671,TRUE,1,2023,
52.34125111,33.30435169,22670,FALSE,5,2022,
48.39540726,31.12881771,22662,TRUE,2,2022,
50.59399385,30.90313,22656,TRUE,9,2022,
50.75031386,31.01988,22646,TRUE,5,2023,
50.60393409,30.1765,22640,TRUE,5,2023,
50.51734967,30.9225163,22621,TRUE,8,2022,
50.18871436,37.09709,22618,TRUE,6,2023,
50.53615646,31.09912984,22613,TRUE,2,2023,
48.7352747,30.21031488,22608,TRUE,10,2023,
49.25090123,31.94703,22607,TRUE,5,2023,
49.60353103,31.56788,22605,TRUE,1,2022,
49.69898914,31.76600612,22604,TRUE,7,2023,
50.59976066,31.10461818,22593,TRUE,5,2023,
50.5892357,31.1207695,22588,TRUE,10,2023,
50.5919267,31.11864,22587,TRUE,9,2022,
50.51871679,30.2395,22578,TRUE,4,2022,
50.67324107,30.30914,22575,TRUE,10,2022,
50.37199,37.33735999,22565,TRUE,1,2022,
50.64129792,30.43971576,22541,TRUE,6,2023,
50.6884124,29.8272,22534,TRUE,3,2022,
50.58390652,30.25086038,22533,TRUE,9,2022,
50.89197077,29.71480326,22526,TRUE,8,2022,
50.58477101,30.22115469,22512,TRUE,9,2022,
50.57605816,30.20966165,22511,TRUE,2,2022,
51.05231933,29.78058834,22502,TRUE,6,2022,
50.75031386,31.01988,22500,TRUE,2,2022,
48.3036,32.16,22489,TRUE,5,2023,
50.78398723,30.31239,22468,TRUE,8,2022,
50.45371055,30.22663,22450,TRUE,4,2022,
50.37492208,35.97799793,22449,TRUE,1,2023,
50.64550507,29.9201,22448,TRUE,10,2022,
50.557973,30.33217,22447,TRUE,9,2023,
51.48766028,31.19223355,22416,FALSE,7,2023,
48.656103,39.508456,22411,FALSE,3,2022,
50.61883621,31.00427006,22409,TRUE,7,2022,
48.3036,32.16,22386,TRUE,1,2022,
48.55421492,32.8915,22384,TRUE,7,2022,
47.1697805,33.0470724,22369,FALSE,9,2022,
50.57365231,30.22321462,22368,TRUE,2,2022,
50.64706731,30.41156329,22364,TRUE,4,2023,
50.58128307,30.22115469,22363,TRUE,4,2022,
50.66343613,29.81279994,22361,TRUE,10,2022,
50.49444467,31.1707,22360,TRUE,1,2023,
50.49444467,31.1707,22341,TRUE,10,2022,
50.42164686,30.04675658,22338,TRUE,9,2023,
46.752912,33.367888,22334,FALSE,9,2023,
50.6552199,29.8988596,22332,TRUE,9,2022,
50.60119208,30.31927,22329,TRUE,6,2023,
50.51871679,30.2395,22320,TRUE,4,2023,
50.60119208,30.31927,22306,TRUE,7,2023,
50.584981,30.235748,22289,TRUE,10,2023,
50.584981,30.235748,22284,TRUE,3,2022,
50.47820622,30.18092868,22271,TRUE,9,2022,
50.63604676,30.54126252,22269,TRUE,7,2023,
48.76219323,32.84816326,22243,TRUE,6,2023,
50.60393409,30.1765,22242,TRUE,2,2023,
50.60393409,30.1765,22241,TRUE,6,2022,
50.557973,30.33217,22225,TRUE,4,2022,
50.24649982,31.51229,22217,TRUE,1,2022,
50.0674277,36.64442103,22213,TRUE,6,2022,
50.58477848,30.2179014,22205,TRUE,10,2023,
50.6566117,30.8972121,22199,TRUE,3,2023,
50.11815382,36.92723818,22198,TRUE,8,2022,
50.60061775,29.78183,22194,TRUE,5,2022,
50.83852636,29.65837354,22192,TRUE,3,2022,
50.89272873,29.71445994,22190,TRUE,8,2023,
50.11204989,37.11658169,22159,TRUE,9,2023,
50.56789272,30.10125,22158,TRUE,10,2023,
50.59550463,30.21248678,22156,TRUE,3,2022,
50.72932501,30.24052,22143,TRUE,7,2022,
49.31407146,37.85816,22135,TRUE,6,2022,
50.58564295,30.21291494,22129,TRUE,3,2023,
50.49687795,31.25268326,22126,TRUE,3,2022,
49.03157257,37.11042,22117,TRUE,4,2022,
48.9630041,30.21973947,22094,TRUE,9,2022,
48.59642406,31.56663279,22080,TRUE,8,2023,
48.67283446,31.63458486,22078,TRUE,9,2023,
50.29306776,36.9373,22075,TRUE,3,2023,
48.76037556,31.62478913,22073,TRUE,4,2022,
48.73569111,31.58813112,22072,TRUE,9,2022,
50.44746128,30.22674,22051,TRUE,4,2023,
50.67568578,30.06642,22050,TRUE,5,2023,
50.93841904,29.90822,22039,TRUE,7,2022,
50.64550507,29.9201,22028,TRUE,3,2023,
50.21168594,36.74551832,22019,TRUE,2,2022,
50.20103876,36.73275414,22017,FALSE,7,2022,
50.0003562,36.39497304,22008,TRUE,5,2023,
50.60531252,30.31791495,21994,TRUE,2,2023,
50.92472302,29.64720329,21984,TRUE,4,2022,
50.1643327,36.8102488,21970,TRUE,2,2022,
50.10816552,36.82925,21969,TRUE,8,2023,
50.04407941,37.02842552,21967,TRUE,4,2022,
47.01878,34.920875,21962,FALSE,2,2022,
50.58337468,30.0105,21901,TRUE,5,2023,
50.64266001,29.88637,21899,TRUE,7,2022,
50.5990435,29.7754571,21894,TRUE,2,2023,
50.2618882,36.42463925,21886,TRUE,5,2022,
50.07724737,36.25742761,21877,TRUE,9,2022,
50.62820466,30.4431,21866,TRUE,8,2023,
50.92355169,29.52109,21865,TRUE,5,2022,
50.49837581,31.1586837,21860,TRUE,6,2023,
50.53982629,30.1606031,21843,TRUE,4,2023,
50.53427352,31.17429646,21840,TRUE,3,2022,
50.16317177,37.13716,21838,TRUE,3,2023,
50.90977136,30.33296,21826,TRUE,2,2023,
50.73087423,30.33362006,21825,TRUE,8,2023,
49.3023889,32.00788889,21803,TRUE,6,2022,
52.33775087,33.29218,21790,FALSE,9,2023,
49.06194445,32.01675,21777,TRUE,4,2023,
50.35164326,30.95076,21765,TRUE,3,2023,
50.56907326,30.2651,21762,TRUE,2,2022,
50.49709634,31.25028,21736,TRUE,2,2022,
50.26203105,36.89707,21727,TRUE,8,2022,
50.52878038,30.23807775,21723,TRUE,9,2022,
50.00905284,36.3652422,21718,TRUE,3,2023,
50.19299419,36.43535,21711,TRUE,9,2023,
50.00638452,36.59310403,21651,TRUE,5,2023,
50.57693468,30.11446,21642,TRUE,5,2022,
49.42865053,32.0294257,21607,TRUE,2,2023,
50.52477816,30.21102876,21553,TRUE,9,2023,
50.72947667,30.24188,21538,TRUE,4,2023,
49.15166145,37.0789,21519,TRUE,7,2022,
50.55200299,30.21474,21492,TRUE,9,2023,
49.99548104,36.41348,21469,TRUE,9,2023,
51.04951363,29.77904339,21465,TRUE,8,2022,
50.55096682,30.19946214,21464,TRUE,10,2022,
50.29948002,36.92509,21456,TRUE,5,2023,
49.8705233,36.406272,21454,TRUE,6,2023,
50.84450154,29.54314,21449,TRUE,5,2022,
50.56559003,31.15290001,21419,TRUE,5,2022,
50.60119208,30.31927,21409,TRUE,10,2022,
50.65247524,30.41391,21365,TRUE,8,2022,
50.58307549,30.48582,21364,TRUE,2,2022,
50.55840922,30.32393025,21353,TRUE,10,2023,
50.95423211,29.47874,21343,TRUE,9,2022,
50.76353475,30.33833168,21340,TRUE,5,2023,
50.67038157,30.04039735,21332,TRUE,4,2022,
50.584981,30.235748,21323,TRUE,6,2022,
50.56789272,30.10125,21299,TRUE,9,2023,
50.54411267,30.21201,21282,TRUE,7,2023,
50.50224144,30.77405,21280,TRUE,4,2022,
50.32155151,37.41448,21276,TRUE,10,2023,
51.52604333,32.42750301,21275,TRUE,7,2022,
48.71633334,30.26963889,21274,TRUE,3,2022,
50.566476,30.105297,21264,TRUE,7,2023,
48.814425,36.96518001,21260,TRUE,6,2023,
48.70067006,29.97755203,21254,TRUE,1,2022,
50.28547001,36.99588003,21204,TRUE,5,2023,
50.73845912,30.29722271,21164,TRUE,7,2023,
50.55172003,30.27900002,21160,TRUE,3,2023,
50.60068247,30.3336522,21146,TRUE,4,2023,
50.64956426,31.04387,21136,TRUE,2,2022,
50.63306106,30.87539,21134,TRUE,4,2023,
46.859346,36.68457,21111,FALSE,6,2022,
50.64550507,29.9201,21085,TRUE,7,2023,
50.51456903,30.2350368,21069,TRUE,4,2023,
51.05084964,30.12530361,21066,TRUE,7,2022,
49.10827779,30.72508333,21061,TRUE,3,2023,
50.58171908,30.21119833,21050,TRUE,1,2023,
50.5607196,30.24670978,21048,TRUE,7,2022,
50.58634532,30.47174377,21046,TRUE,7,2023,
50.44649816,30.1053848,21039,TRUE,1,2022,
50.56451591,30.31637715,21038,TRUE,1,2022,
50.84807096,30.06876006,21035,TRUE,9,2023,
49.004341,37.00116,21032,TRUE,3,2022,
50.4981883,31.25028,21014,TRUE,2,2022,
50.66918563,30.74025,20992,TRUE,7,2022,
50.62049003,31.06582997,20989,TRUE,6,2023,
49.03814925,30.1052519,20981,TRUE,7,2022,
49.25824624,31.88058407,20965,TRUE,3,2023,
50.22815142,36.91633215,20962,TRUE,5,2022,
51.05203312,30.12279,20961,TRUE,2,2023,
50.54570002,31.09332999,20956,TRUE,9,2023,
50.54199423,30.18220218,20943,TRUE,3,2023,
50.63854834,30.02227,20942,TRUE,8,2023,
50.55200299,30.21474,20941,TRUE,9,2022,
50.720245,30.33771001,20938,TRUE,10,2022,
50.16164461,36.80796,20917,TRUE,7,2022,
50.63337558,30.8751544,20889,TRUE,3,2022,
50.54693,30.26419003,20875,TRUE,8,2023,
48.98491668,30.20988889,20872,TRUE,7,2023,
50.59192376,30.90444,20871,TRUE,5,2023,
50.31501001,30.37338997,20869,TRUE,9,2022,
50.58466502,30.26015502,20863,TRUE,2,2022,
49.97683002,36.36837003,20861,TRUE,3,2022,
50.62554834,30.91261,20818,TRUE,7,2023,
48.94618341,31.44105628,20796,TRUE,6,2022,
49.09337807,29.65684159,20794,TRUE,1,2022,
50.08389939,36.38675,20766,TRUE,9,2022,
50.71979001,30.32919001,20756,TRUE,7,2023,
50.62547208,30.20929,20755,TRUE,7,2022,
50.65648147,30.89387991,20744,TRUE,9,2023,
50.6364105,30.26349127,20739,TRUE,2,2023,
50.55398,30.29532,20736,TRUE,3,2022,
50.55124501,30.239205,20735,TRUE,2,2022,
50.9428599,29.878981,20734,TRUE,4,2022,
50.584981,30.235748,20701,TRUE,5,2023,
50.51871679,30.2395,20691,TRUE,10,2022,
48.40728701,37.913098,20657,TRUE,4,2023,
49.1301389,32.64788889,20656,TRUE,10,2022,
46.761118,32.4052964,20639,FALSE,8,2022,
50.64638379,29.94203,20614,TRUE,6,2022,
50.06371126,36.1335,20611,TRUE,5,2023,
50.49534916,31.24684677,20583,TRUE,8,2023,
50.49107263,31.30735114,20562,TRUE,5,2023,
50.1220285,37.03701311,20532,TRUE,3,2023,
50.08336023,37.02887525,20530,TRUE,1,2023,
50.42880295,30.21798574,20527,TRUE,1,2023,
50.54162155,30.1594,20498,TRUE,8,2022,
50.51132001,30.21621998,20490,TRUE,2,2022,
50.41523,30.20689,20488,TRUE,8,2022,
50.64555483,30.17043125,20487,TRUE,5,2023,
50.59501394,30.2574425,20485,TRUE,9,2023,
50.79632309,30.36321,20484,TRUE,9,2023,
50.68449345,30.39401,20426,TRUE,8,2023,
50.60693902,30.3062141,20425,TRUE,3,2022,
50.13220657,37.09745606,20421,TRUE,7,2023,
50.36070017,30.23134143,20411,TRUE,4,2023,
50.59190501,30.22068502,20403,TRUE,7,2022,
50.60119208,30.31927,20390,TRUE,3,2022,
50.69015345,29.99471,20388,TRUE,9,2023,
50.5927885,30.2229982,20386,TRUE,1,2023,
50.58085453,30.26322,20378,TRUE,2,2023,
50.54363003,30.22726004,20377,TRUE,6,2023,
50.56907326,30.2651,20374,TRUE,9,2023,
50.56233504,30.30745076,20361,TRUE,4,2022,
50.60487673,30.31842994,20331,TRUE,4,2023,
50.78485548,30.2928206,20325,TRUE,1,2023,
50.57866695,30.21377325,20320,TRUE,8,2022,
50.55418434,30.21568414,20318,TRUE,3,2023,
50.10409002,36.21276997,20310,TRUE,1,2023,
48.32429101,37.837873,20306,TRUE,6,2022,
50.41972999,30.03172004,20301,TRUE,9,2022,
49.32302779,31.82697222,20297,TRUE,8,2022,
50.584981,30.235748,20296,TRUE,6,2022,
50.56325344,30.31278,20284,TRUE,7,2022,
50.51434001,30.19957,20273,TRUE,4,2022,
49.23175006,37.31075,20255,TRUE,9,2022,
48.33469641,37.8247492,20253,TRUE,4,2023,
50.65881515,31.00549,20231,TRUE,9,2022,
50.56630002,30.27272004,20228,TRUE,10,2022,
50.78281002,30.31422002,20226,TRUE,9,2022,
50.25123236,36.94895,20203,TRUE,9,2022,
50.83209107,30.11301,20195,TRUE,6,2023,
49.42930557,32.06997222,20146,TRUE,5,2023,
50.6884124,29.8272,20145,TRUE,8,2023,
50.68449345,30.39401,20136,TRUE,7,2022,
50.62069002,30.15968002,20133,TRUE,7,2022,
50.41637,30.03225497,20130,TRUE,7,2022,
50.59503589,30.25750658,20127,TRUE,9,2022,
50.4444465,30.1570594,20122,TRUE,5,2022,
48.96325902,30.33579,20095,TRUE,2,2023,
49.28948789,31.44023,20094,TRUE,3,2023,
50.474515,30.1966483,20085,TRUE,3,2022,
50.6181797,30.29686477,20059,TRUE,10,2022,
50.61453255,30.30988455,20057,TRUE,8,2023,
50.29908339,36.92485086,20043,TRUE,1,2023,
50.53497314,30.8159934,20041,TRUE,7,2022,
49.02451189,37.31455773,20005,TRUE,2,2023,
49.0192817,37.32436,20000,TRUE,7,2022,
50.61805573,30.20902911,19993,TRUE,3,2023,
50.60498568,30.31894492,19985,TRUE,7,2023,
50.56233504,30.30916738,19984,TRUE,4,2022,
50.59867106,31.10032665,19968,TRUE,1,2022,
50.47437176,30.19653558,19956,TRUE,7,2022,
50.89651107,29.50009,19949,TRUE,4,2022,
50.48147583,31.25733905,19927,TRUE,3,2023,
50.97300634,29.51150358,19898,TRUE,8,2023,
50.65022384,30.41019,19893,TRUE,2,2022,
50.5685146,30.313523,19874,TRUE,2,2022,
50.6022389,30.3248407,19870,TRUE,1,2022,
50.60119208,30.31927,19869,TRUE,10,2022,
50.61365412,30.30133735,19867,TRUE,4,2022,
48.65536881,37.79619598,19863,TRUE,7,2023,
50.24220177,36.90461,19852,TRUE,10,2023,
50.49444467,31.1707,19833,TRUE,9,2022,
49.04489101,37.21628,19771,TRUE,6,2023,
50.30671151,37.12839,19757,TRUE,6,2023,
50.24409553,36.89156374,19739,TRUE,6,2022,
52.33061804,33.27467054,19711,TRUE,6,2022,
50.50590619,30.77631,19707,TRUE,7,2023,
49.02428803,37.32973539,19694,TRUE,3,2023,
49.43881001,32.028051,19690,TRUE,9,2022,
50.29399767,36.93624,19666,TRUE,9,2022,
49.31625146,32.02353,19664,TRUE,3,2022,
48.34870901,37.849479,19635,TRUE,9,2023,
50.56747,30.10916244,19627,TRUE,10,2022,
48.69580557,30.07455556,19549,TRUE,3,2023,
50.58466502,30.26015502,19441,TRUE,5,2023,
50.584981,30.235748,19431,TRUE,2,2023,
48.39954801,37.925195,19408,TRUE,6,2022,
50.39070128,36.19071,19401,TRUE,3,2022,
50.29991178,36.85015,19392,TRUE,2,2023,
47.20966988,33.57803963,19388,FALSE,3,2023,
49.44075367,32.06368,19379,TRUE,1,2022,
49.76075001,31.25908333,19350,TRUE,9,2023,
47.21004701,33.57793237,19331,FALSE,9,2023,
49.04489101,37.21628,19315,TRUE,9,2023,
48.41185701,37.92947,19269,TRUE,9,2022,
50.34957442,37.26285168,19176,TRUE,1,2023,
50.41222213,30.16838743,19093,TRUE,7,2022,
50.30661382,37.02567335,19049,TRUE,1,2023,
50.20978358,36.42087,18977,FALSE,5,2022,
50.81763085,29.5932282,18918,TRUE,1,2023,
49.03157257,37.11042,18880,TRUE,7,2022,
50.29143675,36.94108,18877,TRUE,2,2022,
50.64739385,30.41053332,18816,TRUE,2,2023,
50.76242599,29.68635389,18794,TRUE,5,2022,
46.59374258,32.18022625,18767,FALSE,10,2023,
46.91232093,32.9937,18739,FALSE,2,2023,
46.91232093,32.9937,18712,FALSE,7,2023,
47.15178,32.981354,18698,FALSE,7,2022,
50.29399767,36.93624,18544,TRUE,6,2023,
50.29399767,36.93624,18457,TRUE,2,2023,
50.29970001,36.92295999,18414,TRUE,10,2023,
46.94314054,33.37085514,18397,FALSE,10,2023,
50.28210002,36.94038002,18385,TRUE,8,2022,
50.28266002,36.94367997,18356,TRUE,7,2023,
50.28230379,36.94191157,18345,TRUE,7,2023,
50.5450627,30.15305,18335,TRUE,5,2022,
50.07701301,36.62365,18331,TRUE,9,2022,
50.57096002,30.27188001,18314,TRUE,4,2023,
48.158511,38.934724,18307,FALSE,6,2022,
50.13672126,36.76993,18292,TRUE,10,2023,
47.22755322,33.19260257,18288,FALSE,10,2023,
50.29399767,36.93624,18256,TRUE,9,2022,
50.61362056,30.91760619,18148,TRUE,4,2022,
49.33772083,37.21516097,18135,TRUE,7,2022,
49.033455,37.132344,18108,TRUE,4,2023,
46.74846355,33.2212955,18094,FALSE,1,2022,
46.98063,33.46467,18093,FALSE,8,2022,
46.428033,34.248819,18048,FALSE,10,2022,
46.649035,32.61804041,18022,FALSE,2,2022,
46.41343,33.875225,17961,FALSE,4,2023,
46.65228,32.60796998,17903,FALSE,9,2022,
50.29399767,36.93624,17859,TRUE,8,2022,
46.87411965,33.49266272,17696,FALSE,5,2022,
49.03229749,37.11248232,17690,TRUE,3,2023,
46.803607,33.522536,17518,FALSE,7,2023,
46.61626684,32.11937372,17472,FALSE,7,2022,
50.08344043,36.33534696,17395,TRUE,2,2023,
50.08300986,36.33603851,17394,TRUE,5,2022,
47.185427,36.233674,17384,FALSE,4,2022,
49.03986,37.21934,17322,TRUE,10,2023,
46.803397,33.522623,17320,FALSE,6,2022,
47.180694,33.93255,17297,FALSE,2,2022,
46.484289,33.111291,17254,FALSE,6,2022,
50.30017501,37.03264,17173,TRUE,6,2022,
50.29959657,37.02636,17172,TRUE,10,2023,
46.61627736,32.11929407,17137,FALSE,6,2023,
47.11282732,32.99390644,17110,FALSE,6,2022,
47.152685,35.683248,17079,FALSE,2,2022,
46.63926932,32.36929724,17077,FALSE,5,2023,
50.30255101,37.02616926,17070,TRUE,2,2023,
47.53603325,35.35724608,16896,FALSE,3,2023,
47.13777,35.820881,16852,FALSE,7,2023,
46.65797352,32.61498519,16781,FALSE,9,2022,
50.0429715,37.01733,16764,TRUE,6,2022,
47.137734,35.821014,16759,FALSE,4,2023,
46.84307718,33.40113862,16665,FALSE,7,2022,
49.47321,36.92855,16629,TRUE,9,2023,
46.72071062,32.56082162,16600,FALSE,8,2022,
46.76313699,32.57265114,16599,FALSE,3,2022,
49.1899287,37.05068906,16536,TRUE,8,2022,
49.02025991,37.3211794,16526,TRUE,6,2023,
50.28277104,36.2463598,16497,TRUE,2,2023,
47.55302334,33.54525386,16485,FALSE,5,2023,
50.28527105,36.23849,16463,TRUE,5,2023,
50.28527105,36.23849,16455,TRUE,2,2023,
50.28527105,36.23849,16450,TRUE,3,2022,
50.26034105,36.25418,16428,TRUE,4,2023,
50.26068105,36.4273,16397,TRUE,4,2023,
50.15640001,36.41839004,16309,TRUE,9,2023,
46.8078369,32.2680781,16246,FALSE,1,2023,
46.8078369,32.2680781,16242,FALSE,1,2022,
46.8078369,32.2680781,16240,FALSE,3,2022,
49.47257432,36.8466381,16207,TRUE,2,2023,
46.69129798,32.55919092,16189,FALSE,2,2023,
49.46778793,36.8642348,16160,TRUE,6,2022,
50.24138826,36.40484826,16094,TRUE,9,2023,
49.11605959,36.89886153,16085,TRUE,1,2022,
46.7096397,32.68386899,16026,FALSE,1,2022,
46.66961999,32.65927,15957,FALSE,4,2022,
50.30064614,36.91539793,15944,TRUE,3,2022,
46.866918,34.04536,15879,FALSE,7,2023,
46.708551,34.554576,15877,FALSE,2,2023,
46.62889001,32.58072,15846,FALSE,3,2022,
52.284866,32.45972201,15782,TRUE,3,2023,
46.627474,32.768097,15771,FALSE,2,2022,
46.68415561,32.71708037,15698,FALSE,3,2023,
46.68355999,32.71888,15664,FALSE,9,2023,
47.479672,34.353308,15646,FALSE,9,2023,
50.15631164,36.72152712,15556,TRUE,5,2022,
46.63184002,32.62122001,15554,FALSE,4,2023,
49.39707265,36.92614062,15531,TRUE,2,2023,
50.29839037,37.03232523,15521,TRUE,10,2022,
50.22307378,36.40920256,15486,TRUE,5,2022,
49.49648884,36.81666665,15466,TRUE,2,2023,
46.62070218,32.25542767,15463,FALSE,1,2022,
46.76932657,33.0503308,15436,FALSE,2,2023,
49.89874441,36.05706043,15414,TRUE,7,2022,
50.32883409,36.9292877,15289,TRUE,2,2023,
47.414203,34.583338,15282,FALSE,2,2023,
47.429821,34.860965,15281,FALSE,1,2023,
49.03080819,37.32930386,15266,TRUE,9,2022,
46.62285,32.611706,15230,FALSE,2,2023,
46.251052,33.306827,15186,FALSE,6,2022,
48.108676,39.08109,14715,FALSE,6,2023,
49.46934007,36.87009858,14633,TRUE,8,2022,
46.721555,36.365321,14627,FALSE,3,2022,
50.28947798,36.93821703,14568,TRUE,2,2023,
50.29652,36.93486003,14517,TRUE,2,2023,
47.476346,34.770138,14094,FALSE,3,2023,
47.005523,33.714167,14058,FALSE,7,2023,
47.002268,33.480612,13787,FALSE,5,2023,
49.12546806,37.29900463,13759,TRUE,4,2023,
49.39714261,36.86602,13663,TRUE,6,2022,
50.08389939,36.38675,13424,TRUE,3,2022,
50.08389939,36.38675,13423,TRUE,10,2023,
46.024275,33.801372,13402,FALSE,1,2023,
50.0429715,37.01733,13376,TRUE,8,2022,
46.344952,32.423457,13273,FALSE,7,2023,
49.60685863,36.97033,13193,TRUE,2,2022,
47.43585926,33.70596143,13180,FALSE,10,2023,
50.16611177,36.42464,13074,TRUE,4,2022,
47.41376727,33.71214878,13034,FALSE,10,2022,
50.29399767,36.93624,12836,TRUE,2,2023,
50.11911676,36.78827508,12698,TRUE,2,2023,
50.29399767,36.93624,12195,TRUE,8,2022,
46.661605,32.677946,11969,FALSE,7,2023,
50.08389939,36.38675,11925,TRUE,1,2023,
50.04784267,36.66406,11360,TRUE,7,2023,
50.16164461,36.80796,11313,TRUE,2,2023,
50.11999653,36.41536,11204,TRUE,7,2022,
49.84482059,36.691,11160,TRUE,9,2022,
50.04660266,36.68717725,10981,TRUE,9,2023,
50.20198378,36.68338,10850,TRUE,10,2022,
50.19341256,36.67617022,10705,TRUE,3,2023,
50.20198378,36.68338,10700,TRUE,7,2023,
50.19330267,36.67599856,10694,TRUE,5,2023,https://gdb.rferl.org/D7DA9D6C-4B76-413D-B4D4-3542DAC9088E_w1597_n_r0_st_s.jpg
50.20198378,36.68338,10690,TRUE,6,2023,https://gdb.rferl.org/D7DA9D6C-4B76-413D-B4D4-3542DAC9088E_w1597_n_r0_st_s.jpg
50.18718988,36.66510555,10667,TRUE,4,2022,https://gdb.rferl.org/D7DA9D6C-4B76-413D-B4D4-3542DAC9088E_w1597_n_r0_st_s.jpg
50.19250144,36.67419288,10503,TRUE,4,2023,https://gdb.rferl.org/D7DA9D6C-4B76-413D-B4D4-3542DAC9088E_w1597_n_r0_st_s.jpg
50.16611177,36.42464,10486,TRUE,3,2023,https://gdb.rferl.org/D7DA9D6C-4B76-413D-B4D4-3542DAC9088E_w1597_n_r0_st_s.jpg
48.459068,38.83357,10467,FALSE,7,2023,https://gdb.rferl.org/D7DA9D6C-4B76-413D-B4D4-3542DAC9088E_w1597_n_r0_st_s.jpg
50.0940062,36.45820834,10434,TRUE,2,2022,https://gdb.rferl.org/D7DA9D6C-4B76-413D-B4D4-3542DAC9088E_w1597_n_r0_st_s.jpg
50.07863922,36.52732439,10254,TRUE,9,2022,https://gdb.rferl.org/D7DA9D6C-4B76-413D-B4D4-3542DAC9088E_w1597_n_r0_st_s.jpg
50.11779515,36.41965153,10202,TRUE,5,2022,https://gdb.rferl.org/D7DA9D6C-4B76-413D-B4D4-3542DAC9088E_w1597_n_r0_st_s.jpg
48.474026,38.794203,10151,FALSE,7,2022,https://gdb.rferl.org/D7DA9D6C-4B76-413D-B4D4-3542DAC9088E_w1597_n_r0_st_s.jpg
48.474232,38.802959,10148,FALSE,5,2022,
50.26068105,36.4273,9982,TRUE,9,2022,
46.817556,33.482679,9896,FALSE,2,2022,
50.14268723,36.37939903,9604,TRUE,8,2022,
46.717612,32.580985,9521,FALSE,5,2022,
51.37480197,31.4241352,9491,TRUE,4,2022,
50.21222536,37.11499983,9173,TRUE,6,2022,
51.4899769,31.3548439,8581,TRUE,4,2022,
46.542881,33.283575,8579,FALSE,6,2023,
46.636415,32.488113,8505,FALSE,9,2022,
46.625271,32.448794,8254,FALSE,7,2022,
46.762471,33.22082,8213,FALSE,4,2022,
46.365225,33.53359,7992,FALSE,2,2022,
51.4865855,31.3235301,7854,TRUE,9,2023,
46.759908,32.537586,7201,FALSE,4,2023,
46.6287257,32.7357253,313,FALSE,9,2022,